algorithm,client,task,round,test_loss,perplexity,token_accuracy,exact_match,rougeL_f1,bleu4_pct
untrained,0,closed_qa,0,1.7612819861416793,5.8198936369702245,0.6417910447761194,0.0,0.4816468253968254,14.178799876796003
scaffold_reset,0,closed_qa,30,1.596247464270141,4.934480822794911,0.6716417910447762,0.0,0.4550028296547821,16.345516108106914
frlora,0,closed_qa,30,3.6779143964473286,39.563793578127466,0.6417910447761194,0.0,0.37387387387387383,12.745006662147878
frlora_scaffold,0,closed_qa,30,2.723732953047871,15.237095575306425,0.6467661691542289,0.0,0.2301259707698893,2.7649067529922333
fedavg,0,closed_qa,30,3.4069123861208483,30.171940987531894,0.6368159203980099,0.0,0.3572712418300654,11.300925278062863
fedsa,0,closed_qa,30,3.889830347317368,48.902589364460795,0.6467661691542289,0.0,0.40663811144360346,12.17709790394686
scaffold,0,closed_qa,30,3.3719953043543875,29.136605492262586,0.6517412935323383,0.0,0.3145038055775956,7.237380755364021
pflalign,0,closed_qa,30,1.6429253668334354,5.170272354052227,0.6517412935323383,0.0,0.46634339080459775,19.76777608934315
pflalign_no_preconditioner,0,closed_qa,30,1.5857414867154402,4.882910649905666,0.6716417910447762,0.0,0.22716914569031274,2.6658289944417937
pflalign_no_correction,0,closed_qa,30,1.6109331045577775,5.007481552403687,0.6716417910447762,0.0,0.24909897025171626,2.764224264812432
pflalign_constant_gamma,0,closed_qa,30,1.7036713937028725,5.494081344929865,0.6467661691542289,0.0,0.4485439068100359,13.584082864719809
pflalign_hard_gamma,0,closed_qa,30,1.5858330323328427,4.883357679437317,0.6666666666666666,0.0,0.2673583283243171,10.32949261463307
pflalign_constant_gamma_one,0,closed_qa,30,1.734580704228795,5.666551344604042,0.6417910447761194,0.0,0.46277342237708097,12.418016051981585
pflalign_no_personalization,0,closed_qa,30,1.7346932615213726,5.667189192178167,0.6417910447761194,0.0,0.46277342237708097,12.418016051981585
pflalign_sgd,0,closed_qa,30,1.6274912819933536,5.091086583745696,0.6517412935323383,0.0,0.4639759665621735,19.77505742413336
untrained,1,information_extraction,0,2.050612481364654,7.772660258274029,0.5609756097560976,0.0,0.24157427722302574,0.5013814639457449
scaffold_reset,1,information_extraction,30,1.9962769062186028,7.361597098054434,0.565410199556541,0.0,0.2135863879966088,0.0038109729551279907
frlora,1,information_extraction,30,3.93410662801197,51.11646353556169,0.549889135254989,0.0,0.26690910924334615,4.451476798384771e-07
frlora_scaffold,1,information_extraction,30,3.5009902311270094,33.14826015117264,0.5299334811529933,0.0,0.25401602677909907,0.00047509227406934945
fedavg,1,information_extraction,30,4.478376418153886,88.09153269407851,0.49445676274944567,0.0,0.3201643960967359,4.14536889576109e-13
fedsa,1,information_extraction,30,4.398453401620531,81.32499424716042,0.5299334811529933,0.0,0.24764232499615277,4.530450026995649e-07
scaffold,1,information_extraction,30,3.5611483284216496,35.20359923677977,0.5099778270509978,0.0,0.27032904393427676,8.417148817287472e-06
pflalign,1,information_extraction,30,2.0123927418778584,7.481196520877356,0.5609756097560976,0.0,0.2974127523466652,0.00821290505225561
pflalign_no_preconditioner,1,information_extraction,30,2.0148479182545733,7.499586744228088,0.565410199556541,0.0,0.27795410291251205,7.990810500574928e-08
pflalign_no_correction,1,information_extraction,30,2.071274674916743,7.934931131944828,0.565410199556541,0.0,0.13896416741945197,5.6611458612515675e-09
pflalign_constant_gamma,1,information_extraction,30,2.0327411998401987,7.634986724041461,0.5609756097560976,0.0,0.29684156524439226,0.036453395296001355
pflalign_hard_gamma,1,information_extraction,30,2.01187382463341,7.477315406069357,0.5609756097560976,0.0,0.265216215278878,1.0149029675543156e-06
pflalign_constant_gamma_one,1,information_extraction,30,2.042395699579277,7.709055675386536,0.5609756097560976,0.0,0.23933721154641452,0.30418695719796096
pflalign_no_personalization,1,information_extraction,30,2.0424326370137758,7.709340433384675,0.5609756097560976,0.0,0.23933721154641452,0.30418695719796096
pflalign_sgd,1,information_extraction,30,2.0077800793023965,7.446767750859389,0.5609756097560976,0.0,0.27590407041374293,0.002474087971264436
untrained,2,classification,0,1.1570300516092553,3.180473393551181,0.7452830188679245,0.0,0.24352973140816642,3.8442857280121574
scaffold_reset,2,classification,30,0.6473863372262919,1.9105407883140766,0.8207547169811321,0.0,0.3105850168350168,16.847814471506787
frlora,2,classification,30,1.548977964926722,4.7066573546758335,0.8301886792452831,0.25,0.6527777777777778,37.59345127308865
frlora_scaffold,2,classification,30,1.4598360843253586,4.305253771927989,0.839622641509434,0.25,0.6888819357530246,28.160777992178623
fedavg,2,classification,30,1.3621297917276058,3.9045002249265894,0.839622641509434,0.25,0.6405982905982905,33.97997694263514
fedsa,2,classification,30,1.1201572264789028,3.0653361174115736,0.8584905660377359,0.5,0.7010869565217391,37.084289185893105
scaffold,2,classification,30,1.402968618280764,4.067256193912452,0.8301886792452831,0.0,0.6455200501253132,27.737406038706325
pflalign,2,classification,30,0.9947232840196142,2.703976004374847,0.7735849056603774,0.0,0.32456293706293704,11.634967449733857
pflalign_no_preconditioner,2,classification,30,0.8488417661414956,2.336938562444201,0.7641509433962265,0.0,0.3243506493506494,4.969096197853694
pflalign_no_correction,2,classification,30,0.8015351835286842,2.228960166175453,0.7641509433962265,0.0,0.3686199095022624,5.006559909255381
pflalign_constant_gamma,2,classification,30,1.0807615136200528,2.946922818681366,0.7641509433962265,0.0,0.27267487721601347,6.499403697219703
pflalign_hard_gamma,2,classification,30,0.8316045167311182,2.2970013621768928,0.7547169811320755,0.0,0.3494755244755245,5.118094392625022
pflalign_constant_gamma_one,2,classification,30,1.120152329498867,3.065321106558557,0.7641509433962265,0.0,0.26728906523514995,4.759150165230085
pflalign_no_personalization,2,classification,30,1.1202746877130472,3.065696196722258,0.7641509433962265,0.0,0.26728906523514995,4.759150165230085
pflalign_sgd,2,classification,30,0.9800664793770268,2.6646333792084187,0.7735849056603774,0.0,0.33365384615384613,11.225059396086056
untrained,3,summarization,0,0.6947823220256409,2.0032729580768858,0.8405017921146953,0.0,0.4177974503377943,8.152036615993113
scaffold_reset,3,summarization,30,0.6588881947233686,1.9326424174414292,0.8602150537634409,0.0,0.5035967094249036,13.579272350129676
frlora,3,summarization,30,1.14974121039059,3.157375707926451,0.8243727598566308,0.0,0.5622829721214507,23.081888085309316
frlora_scaffold,3,summarization,30,1.1027696397569444,3.0124980145829197,0.8136200716845878,0.0,0.22882615829503325,1.0419245204916305
fedavg,3,summarization,30,1.3372350781621898,3.8084987330321676,0.8189964157706093,0.0,0.31839556714918865,6.954208969808298
fedsa,3,summarization,30,1.3402444846313915,3.819977316956653,0.8082437275985663,0.0,0.41776803844876004,1.2617272310444456
scaffold,3,summarization,30,1.2702781034626842,3.561842985496889,0.8172043010752689,0.0,0.19418391633003781,2.027042356887841
pflalign,3,summarization,30,0.676903929761661,1.9677759188251644,0.8476702508960573,0.0,0.4134038629105667,7.7150321618989155
pflalign_no_preconditioner,3,summarization,30,0.6773821068493696,1.9687170891884096,0.8494623655913979,0.0,0.22808822793872555,0.8066259284662585
pflalign_no_correction,3,summarization,30,0.7383887417427528,2.092561140314141,0.8387096774193549,0.0,0.5534326084778033,15.424495212220545
pflalign_constant_gamma,3,summarization,30,0.6862259936589067,1.986205418702192,0.8405017921146953,0.0,0.4132853239982568,8.089677437530964
pflalign_hard_gamma,3,summarization,30,0.6747530113411634,1.9635479420006121,0.8494623655913979,0.0,0.1937424810432032,0.10854039102032192
pflalign_constant_gamma_one,3,summarization,30,0.6906287832499405,1.9949695423841871,0.8405017921146953,0.0,0.4177974503377943,8.152036615993113
pflalign_no_personalization,3,summarization,30,0.690640384578363,1.9949926868152938,0.8405017921146953,0.0,0.4177974503377943,8.152036615993113
pflalign_sgd,3,summarization,30,0.6747088551948575,1.9634612412046069,0.8476702508960573,0.0,0.4610821382007823,10.997318502752353
