algorithm,client,task,eos_rate,length_limit_rate,mean_generated_tokens,repeated_4gram_fraction,bleu_brevity_penalty,bleu_precision_1_raw,bleu_precision_2_raw,bleu_precision_3_raw,bleu_precision_4_raw
untrained,0,closed_qa,1.0,0.0,80.75,0.022099447513812154,1.0,0.364,0.15447154471544716,0.09504132231404959,0.07563025210084033
untrained,1,information_extraction,1.0,0.0,183.66666666666666,0.15681388158198348,0.05794413848749286,0.3954022988505747,0.09490740740740741,0.04895104895104895,0.03051643192488263
untrained,2,classification,0.75,0.25,147.75,0.1945364238410596,1.0,0.12266666666666666,0.05929919137466307,0.027247956403269755,0.011019283746556474
untrained,3,summarization,1.0,0.0,106.33333333333333,0.05601309259845847,0.1502203333101924,0.717391304347826,0.5726872246696035,0.49107142857142855,0.4298642533936652
untrained,-1,all_test,0.9285714285714286,0.07142857142857142,127.42857142857143,0.10750174342577234,0.3759517103939386,0.3674418604651163,0.1810344827586207,0.12995245641838352,0.10416666666666667
scaffold_reset,0,closed_qa,1.0,0.0,46.0,0.0,0.9597370959507374,0.410958904109589,0.19718309859154928,0.11594202898550725,0.08955223880597014
scaffold_reset,1,information_extraction,1.0,0.0,79.33333333333333,0.011111111111111108,0.00023593474220363713,0.40782122905027934,0.20454545454545456,0.11560693641618497,0.07058823529411765
scaffold_reset,2,classification,1.0,0.0,24.75,0.0,0.7583610066230462,0.6808510638297872,0.32558139534883723,0.1282051282051282,0.08571428571428572
scaffold_reset,3,summarization,1.0,0.0,116.0,0.002583979328165379,0.20568789151446917,0.7868217054263565,0.6784313725490196,0.6111111111111112,0.5823293172690763
scaffold_reset,-1,all_test,1.0,0.0,29.071428571428573,0.0022675736961451248,0.00028024225985526,0.5899280575539568,0.3333333333333333,0.224,0.17647058823529413
frlora,0,closed_qa,1.0,0.0,37.0,0.0,0.7578188361320289,0.36134453781512604,0.1565217391304348,0.12612612612612611,0.11214953271028037
frlora,1,information_extraction,1.0,0.0,40.0,0.010256410256410256,1.4887747574301313e-08,0.5909090909090909,0.32941176470588235,0.23170731707317074,0.17721518987341772
frlora,2,classification,1.0,0.0,22.0,0.0,0.7788007830714049,0.8958333333333334,0.6818181818181818,0.4,0.2222222222222222
frlora,3,summarization,1.0,0.0,134.66666666666666,0.005820225282857934,0.29960270063474614,0.8245033112582781,0.7692307692307693,0.75,0.7406143344709898
frlora,-1,all_test,1.0,0.0,52.5,0.0011455608420091665,0.02581152176844972,0.5948905109489051,0.40636704119850187,0.3269230769230769,0.29446640316205536
frlora_scaffold,0,closed_qa,1.0,0.0,22.75,0.0,0.2622488181059526,0.5692307692307692,0.16393442622950818,0.07017543859649122,0.018867924528301886
frlora_scaffold,1,information_extraction,1.0,0.0,59.666666666666664,0.08866995073891626,2.240349227113735e-05,0.6503496503496503,0.2642857142857143,0.13138686131386862,0.08955223880597014
frlora_scaffold,2,classification,1.0,0.0,17.5,0.0,0.560488043568919,1.0,0.7647058823529411,0.43333333333333335,0.19230769230769232
frlora_scaffold,3,summarization,1.0,0.0,61.0,0.0,0.023350360473646564,0.6428571428571429,0.45255474452554745,0.3880597014925373,0.3511450381679389
frlora_scaffold,-1,all_test,0.9285714285714286,0.07142857142857142,72.71428571428571,0.09722657194052732,0.14858383678737722,0.275626423690205,0.15046296296296297,0.1011764705882353,0.08133971291866028
fedavg,0,closed_qa,1.0,0.0,60.75,0.010135135135135143,1.0,0.41714285714285715,0.15204678362573099,0.08383233532934131,0.03067484662576687
fedavg,1,information_extraction,1.0,0.0,25.0,0.0,7.836375312862996e-15,0.96,0.5531914893617021,0.4318181818181818,0.34146341463414637
fedavg,2,classification,1.0,0.0,19.5,0.0,0.6734450755684334,0.9069767441860465,0.6153846153846154,0.4,0.2903225806451613
fedavg,3,summarization,1.0,0.0,89.0,0.003236245954692555,0.1157412590926609,0.7156398104265402,0.5961538461538461,0.5609756097560976,0.5445544554455446
fedavg,-1,all_test,1.0,0.0,33.57142857142857,0.0006934812760055475,0.0015960343842798378,0.7346938775510204,0.5288753799392097,0.45714285714285713,0.4219269102990033
fedsa,0,closed_qa,1.0,0.0,52.5,0.0,1.0,0.487012987012987,0.18,0.08904109589041095,0.028169014084507043
fedsa,1,information_extraction,1.0,0.0,41.0,0.010752688172043001,1.4887747574301313e-08,0.6022727272727273,0.32941176470588235,0.24390243902439024,0.17721518987341772
fedsa,2,classification,1.0,0.0,20.0,0.0,0.6951439283988788,0.7954545454545454,0.575,0.4722222222222222,0.375
fedsa,3,summarization,1.0,0.0,61.0,0.0,0.018178443735723398,0.9097744360902256,0.7384615384615385,0.6299212598425197,0.5483870967741935
fedsa,-1,all_test,1.0,0.0,33.357142857142854,0.0027472527472527453,0.0011628994044676662,0.7021276595744681,0.5206349206349207,0.44518272425249167,0.4027777777777778
scaffold,0,closed_qa,1.0,0.0,37.5,0.0,0.7165313105737893,0.49122807017543857,0.16363636363636364,0.0660377358490566,0.0196078431372549
scaffold,1,information_extraction,1.0,0.0,45.0,0.011111111111111108,3.238915359272842e-07,0.6095238095238096,0.30392156862745096,0.18181818181818182,0.13541666666666666
scaffold,2,classification,1.0,0.0,22.0,0.0,0.7989237289412772,0.9183673469387755,0.6666666666666666,0.2926829268292683,0.08108108108108109
scaffold,3,summarization,1.0,0.0,59.333333333333336,0.003236245954692555,0.025800983765322447,0.8461538461538461,0.7642857142857142,0.7664233576642335,0.7686567164179104
scaffold,-1,all_test,1.0,0.0,37.142857142857146,0.004919645893150899,0.0034114144729163257,0.7041884816753927,0.4483695652173913,0.3531073446327684,0.3205882352941177
pflalign,0,closed_qa,1.0,0.0,45.25,0.0,0.9035270092600377,0.4927536231884058,0.20149253731343283,0.16153846153846155,0.14285714285714285
pflalign,1,information_extraction,1.0,0.0,79.33333333333333,0.07010816125860375,0.0003869779446438603,0.7037037037037037,0.24731182795698925,0.13114754098360656,0.08888888888888889
pflalign,2,classification,1.0,0.0,63.0,0.11863476733977174,1.0,0.3105590062111801,0.14012738853503184,0.0784313725490196,0.053691275167785234
pflalign,3,summarization,1.0,0.0,105.66666666666667,0.004065040650406508,0.14833279076845618,0.7161572052401747,0.5530973451327433,0.4618834080717489,0.4
pflalign,-1,all_test,0.9285714285714286,0.07142857142857142,94.85714285714286,0.03900583247290812,0.17790675282338148,0.4166666666666667,0.23752711496746204,0.1762114537444934,0.14541387024608501
pflalign_no_preconditioner,0,closed_qa,1.0,0.0,31.75,0.0,0.5488116360940264,0.37894736842105264,0.10989010989010989,0.022727272727272728,0.0
pflalign_no_preconditioner,1,information_extraction,1.0,0.0,37.0,0.0,2.221684822164966e-09,0.65,0.4025974025974026,0.28378378378378377,0.22535211267605634
pflalign_no_preconditioner,2,classification,1.0,0.0,26.0,0.0,0.9831936762627184,0.4915254237288136,0.12727272727272726,0.0,0.0
pflalign_no_preconditioner,3,summarization,1.0,0.0,59.0,0.0,0.01750174750771229,0.6818181818181818,0.4883720930232558,0.3968253968253968,0.34146341463414637
pflalign_no_preconditioner,-1,all_test,1.0,0.0,37.285714285714285,0.0022675736961451248,0.00274685873798073,0.5540540540540541,0.3089887640449438,0.21282798833819241,0.17575757575757575
pflalign_no_correction,0,closed_qa,1.0,0.0,32.0,0.0,0.5580351457700471,0.3854166666666667,0.11956521739130435,0.02247191011235955,0.0
pflalign_no_correction,1,information_extraction,1.0,0.0,32.333333333333336,0.006060606060606062,2.172439935079017e-10,0.5833333333333334,0.30434782608695654,0.18181818181818182,0.14285714285714285
pflalign_no_correction,2,classification,1.0,0.0,18.0,0.0,0.513417119032592,0.5555555555555556,0.21875,0.03571428571428571,0.0
pflalign_no_correction,3,summarization,1.0,0.0,116.33333333333333,0.002544529262086518,0.20158130101268698,0.84375,0.7747035573122529,0.736,0.7125506072874493
pflalign_no_correction,-1,all_test,1.0,0.0,42.0,0.000545256270447111,0.005465794752185482,0.7153284671532847,0.5541561712846348,0.4869791666666667,0.4743935309973046
pflalign_constant_gamma,0,closed_qa,1.0,0.0,80.5,0.022099447513812154,1.0,0.3426294820717131,0.145748987854251,0.09053497942386832,0.07531380753138076
pflalign_constant_gamma,1,information_extraction,1.0,0.0,97.0,0.07480537862703467,0.002061030133793458,0.6523605150214592,0.18695652173913044,0.10572687224669604,0.07589285714285714
pflalign_constant_gamma,2,classification,1.0,0.0,100.75,0.07395833333333332,1.0,0.15755627009646303,0.08143322475570032,0.0462046204620462,0.030100334448160536
pflalign_constant_gamma,3,summarization,1.0,0.0,107.33333333333333,0.004065040650406508,0.1502203333101924,0.7130434782608696,0.5638766519823789,0.48660714285714285,0.4298642533936652
pflalign_constant_gamma,-1,all_test,1.0,0.0,95.57142857142857,0.044345884372921814,0.22542763118388856,0.44,0.2294757665677547,0.16950852557673018,0.14140386571719227
pflalign_hard_gamma,0,closed_qa,1.0,0.0,43.75,0.0,0.7819991390908586,0.45901639344262296,0.17796610169491525,0.10434782608695652,0.03571428571428571
pflalign_hard_gamma,1,information_extraction,1.0,0.0,42.666666666666664,0.0,3.4042633413389984e-08,0.5869565217391305,0.33707865168539325,0.22093023255813954,0.18072289156626506
pflalign_hard_gamma,2,classification,1.0,0.0,18.5,0.0,0.48954165955695317,0.6,0.25806451612903225,0.037037037037037035,0.0
pflalign_hard_gamma,3,summarization,1.0,0.0,46.333333333333336,0.0,0.0030399373651451454,0.5816326530612245,0.3684210526315789,0.29347826086956524,0.25842696629213485
pflalign_hard_gamma,-1,all_test,1.0,0.0,36.714285714285715,0.0,0.0017389620638164093,0.547550432276657,0.2822822822822823,0.184375,0.13680781758957655
pflalign_constant_gamma_one,0,closed_qa,1.0,0.0,79.5,0.022099447513812154,1.0,0.357429718875502,0.14285714285714285,0.07883817427385892,0.05907172995780591
pflalign_constant_gamma_one,1,information_extraction,1.0,0.0,154.33333333333334,0.08580311105333853,0.029112566315963876,0.43089430894308944,0.12295081967213115,0.05785123966942149,0.03888888888888889
pflalign_constant_gamma_one,2,classification,1.0,0.0,126.5,0.06099397590361447,1.0,0.12158808933002481,0.06265664160401002,0.03291139240506329,0.020460358056265986
pflalign_constant_gamma_one,3,summarization,1.0,0.0,106.33333333333333,0.05601309259845847,0.1502203333101924,0.717391304347826,0.5726872246696035,0.49107142857142855,0.4298642533936652
pflalign_constant_gamma_one,-1,all_test,1.0,0.0,114.71428571428571,0.05413016461607839,0.35346598364807746,0.36930455635491605,0.18997574777687956,0.13327882256745707,0.10835401157981803
pflalign_no_personalization,0,closed_qa,1.0,0.0,79.5,0.022099447513812154,1.0,0.357429718875502,0.14285714285714285,0.07883817427385892,0.05907172995780591
pflalign_no_personalization,1,information_extraction,1.0,0.0,154.33333333333334,0.08580311105333853,0.029112566315963876,0.43089430894308944,0.12295081967213115,0.05785123966942149,0.03888888888888889
pflalign_no_personalization,2,classification,1.0,0.0,126.5,0.06099397590361447,1.0,0.12158808933002481,0.06265664160401002,0.03291139240506329,0.020460358056265986
pflalign_no_personalization,3,summarization,1.0,0.0,106.33333333333333,0.05601309259845847,0.1502203333101924,0.717391304347826,0.5726872246696035,0.49107142857142855,0.4298642533936652
pflalign_no_personalization,-1,all_test,1.0,0.0,114.71428571428571,0.05413016461607839,0.35346598364807746,0.36930455635491605,0.18997574777687956,0.13327882256745707,0.10835401157981803
pflalign_sgd,0,closed_qa,1.0,0.0,45.5,0.0,0.9107150854626748,0.4892086330935252,0.2,0.16030534351145037,0.14173228346456693
pflalign_sgd,1,information_extraction,1.0,0.0,69.0,0.0,0.00011342855967452068,0.6686746987951807,0.25766871165644173,0.1375,0.09554140127388536
pflalign_sgd,2,classification,1.0,0.0,63.25,0.11863476733977174,1.0,0.29878048780487804,0.13125,0.07692307692307693,0.05263157894736842
pflalign_sgd,3,summarization,1.0,0.0,114.0,0.0031746031746031633,0.19342660460039254,0.7380952380952381,0.5943775100401606,0.5121951219512195,0.46502057613168724
pflalign_sgd,-1,all_test,1.0,0.0,70.28571428571429,0.034575919920206886,0.07890359937369978,0.5742024965325936,0.33663366336633666,0.2611832611832612,0.2268041237113402
