algorithm,client,round,hessian_lambda_max,hessian_lambda_min,hessian_trace,hessian_top1_top2,hessian_max_abs_min,hessian_lambda_2,hessian_trace_se
scaffold_reset,-1,30,4.317752732411049,-3.5521489907886186,44.348923206329346,1.2126956478917368,1.21553255328191,3.5604586690134767,29.289825764751292
frlora,-1,30,477.85895002807825,-572.5750293906381,-1223.0368843078613,1.2326033257968028,0.834578746014542,387.68267132426536,532.5589393774827
frlora_scaffold,-1,30,473.8844867205973,-375.44753355776606,1366.7535247802734,1.201739315407714,1.2621856434374092,394.33218223356744,1795.577064840204
fedavg,-1,30,363.5422035773096,-101.60194238693,-2462.5614166259766,1.737796580724636,3.578102888947085,209.1972142249916,1168.2138660292426
fedsa,-1,30,277.6197314114143,-50.455883310851036,-1533.5428619384766,3.6413696598617955,5.502227157555469,76.24046920354444,458.93396331808856
scaffold,-1,30,261.84846360582003,-86.23961404945146,-1377.7748260498047,1.7531939386190787,3.0362898360800994,149.35510432580418,648.976760447415
pflalign,-1,30,9.621605326402486,-5.833109928646114,83.41719055175781,1.3906993724318693,1.649481227698326,6.918537188650275,8.491223590439857
pflalign_no_preconditioner,-1,30,86.47123542016865,-11.638508437505148,779.6048889160156,2.6586214466754,7.4297523505258365,32.52483934044117,72.75625221073842
pflalign_no_correction,-1,30,123.8733549957817,-31.51847583662828,1477.1477661132812,2.712641179500403,3.930182272704503,45.665219540240074,63.459223276409325
pflalign_constant_gamma,-1,30,6.4439295911625,-6.863520446550232,7.382035732269287,1.0320801158900423,0.9388665250354681,6.243633117188197,7.236879954397915
pflalign_hard_gamma,-1,30,49.745491158546315,-7.645452486537951,422.28270721435547,3.3399830603406016,6.506546374611282,14.893935166687168,62.660987477387266
pflalign_constant_gamma_one,-1,30,6.3236123016082555,-6.710018251928162,-9.849916219711304,1.0152246887626433,0.9424135768619004,6.22878104877008,7.011393918826973
pflalign_no_personalization,-1,30,6.317470471568199,-6.698043637237935,-9.859114170074463,1.0147706913084469,0.9431814442721856,6.225515306736384,6.9133680716346335
pflalign_sgd,-1,30,11.002133231904644,-4.919128988059858,90.98281478881836,1.6019536452729892,2.236601898142941,6.867947311939709,11.125041238951917
scaffold_reset,0,30,23.891971129877014,-10.763636716535723,8.504871368408203,1.3353302154350584,2.219693190980032,17.892181914039046,131.00117859538716
frlora,0,30,1467.6340751061014,-1699.2096907142113,3744.41650390625,1.4560167848429606,0.8637156927284388,1007.978816167558,4415.801953960341
frlora_scaffold,0,30,908.4164251686642,-813.8652509813385,-1606.1617431640625,1.210364546791906,1.1161754652546207,750.5312573608002,2770.6322178991463
fedavg,0,30,676.3231292496978,-647.4409363871897,-7851.9241943359375,1.1103434131530265,1.0446097724738796,609.111668730625,1621.6671621017301
fedsa,0,30,792.2560676441005,-382.06435617567394,-4111.452743530273,1.8614456539917512,2.073619417352347,425.6133215305846,2943.5239459002246
scaffold,0,30,496.7942867673978,-304.41513472089963,-3121.019989013672,1.3393887380162046,1.6319631651129283,370.91120200339276,839.8436080706815
pflalign,0,30,22.065177844369202,-16.58426430308843,53.61790752410889,1.2829787194625328,1.3304887959522016,17.198397377637548,103.027423313538
pflalign_no_preconditioner,0,30,131.88700014167316,-40.079416678457754,141.55101776123047,1.8975190868038254,3.2906417076813637,69.50496627879679,114.52683237897418
pflalign_no_correction,0,30,245.0913948425335,-100.79176485824738,279.3820495605469,2.652118025390998,2.431660911853541,92.41345690352526,147.75300615610152
pflalign_constant_gamma,0,30,18.556501221685494,-17.951382121754577,-9.842321872711182,1.1270821449484718,1.0337087749470608,16.464195892779284,133.32780058156052
pflalign_hard_gamma,0,30,51.20831504346809,-25.584842657515065,82.14660358428955,2.6255993508267266,2.001509867735169,19.503476426189717,63.987215611303114
pflalign_constant_gamma_one,0,30,17.170220321558677,-18.498547278129326,-35.53013300895691,1.030947650551085,0.9281929041995034,16.654793589548866,136.51730215416234
pflalign_no_personalization,0,30,17.143186967238673,-18.464143954296233,-34.91126489639282,1.0300016022135159,0.9284582599481846,16.6438449516945,136.40812638442054
pflalign_sgd,0,30,23.394465709054,-14.125313629280223,57.96099853515625,1.4213630879511936,1.656208585737866,16.459176340913473,93.80214210385563
scaffold_reset,1,30,10.033940200074147,-7.071636839103764,287.3068313598633,1.0471596716871792,1.418899248981487,9.582053693786264,59.01979598386981
frlora,1,30,1181.9367845677662,-808.1916806771554,-349.50732421875,1.2875787936997205,1.4624461162201803,917.9529752673207,4761.0292854086365
frlora_scaffold,1,30,896.8383441856479,-450.401288653975,1542.8745727539062,1.177554331703437,1.9911984418735809,761.611010243826,2640.466595285889
fedavg,1,30,599.1259267048713,-460.1346926949235,-12437.52001953125,1.031333985026824,1.3020664084159834,580.9232851851465,3145.505634102624
fedsa,1,30,407.62973399823784,-391.9287745555482,422.6004333496094,1.2495212251352497,1.0400607469061047,326.2287392950172,741.9407161875532
scaffold,1,30,429.8261626004473,-151.2628222033451,-3623.7698364257812,1.672095175623287,2.8415849733560097,257.05843116270347,1325.6798947207026
pflalign,1,30,11.414864279088393,-7.4447314448095705,127.68489074707031,1.2117369822307373,1.5332808663026762,9.4202491518203,81.66152366531989
pflalign_no_preconditioner,1,30,104.1079426520239,-19.01224664008637,1095.6156463623047,2.2913123700736167,5.47583589792684,45.43594492473283,214.6626782979126
pflalign_no_correction,1,30,193.29529881122826,-38.12388708948549,1933.9107666015625,3.391159753865648,5.070188628917086,56.99976198139508,292.589501040946
pflalign_constant_gamma,1,30,7.917742538077878,-8.188069780184643,43.08003902435303,1.0395771974208703,0.9669852298082554,7.616310320889425,76.33340572637906
pflalign_hard_gamma,1,30,68.67478682969188,-12.265851310988808,640.0787353515625,2.855787091423626,5.598860208599389,24.047586403038583,168.24328730899023
pflalign_constant_gamma_one,1,30,7.72015984625433,-7.782835084699375,31.168988704681396,1.0289062028963785,0.9919469913260451,7.50326883492589,75.67316273118682
pflalign_no_personalization,1,30,7.714170385079383,-7.774209226039697,31.097387313842773,1.0283605877007276,0.9922771771102823,7.501425547946371,75.63610528294214
pflalign_sgd,1,30,13.124855148810564,-6.990269035416739,147.0085048675537,1.2974028567670501,1.8775894149871013,10.116252696957908,84.62599285353588
scaffold_reset,2,30,69.61253107169883,-30.74648967657324,99.34172821044922,1.2004004308101808,2.2640806090049006,57.991091376663,159.2184279103405
frlora,2,30,2751.830352571648,-1470.7387970664006,-2903.919677734375,1.614995213586372,1.871053077582891,1703.9247729166575,5247.766565049009
frlora_scaffold,2,30,8623.723213813066,-1003.6011153852295,6772.817077636719,3.209453191147075,8.592779622911115,2686.9758492196306,2498.256717961698
fedavg,2,30,1226.3304626855747,-729.8860111461458,-3047.1215209960938,1.986940763582609,1.680167100010395,617.1952808871893,1989.8369166630491
fedsa,2,30,251.75447824372526,-111.45985919238575,-1919.5279846191406,1.395210943345899,2.258700845917842,180.44187471751403,342.42063444660977
scaffold,2,30,799.516724705978,-483.85031802241514,-3770.8653106689453,1.8997081338835256,1.6524050825754322,420.86292649152693,2259.338272780358
pflalign,2,30,36.43680013341759,-29.562068811447375,88.49140930175781,1.249049283451549,1.2325524429910029,29.17162726576352,200.71847400858434
pflalign_no_preconditioner,2,30,162.81533843570946,-156.17954731976698,466.8775749206543,1.4162550358374246,1.0424882209599196,114.9618778509321,561.1915997579181
pflalign_no_correction,2,30,241.2868672107862,-247.8389303328647,986.2032775878906,1.6224444921333916,0.9735632206236582,148.71810307267415,351.2264326373191
pflalign_constant_gamma,2,30,23.912397506225044,-26.58268448823187,-117.10685157775879,1.0490175273041973,0.8995478811333385,22.79504096340123,170.84037290051887
pflalign_hard_gamma,2,30,77.61885633519577,-90.97329949472793,254.40620040893555,1.2049796849505885,0.8532048058748702,64.41507463121971,336.57966918700976
pflalign_constant_gamma_one,2,30,23.310306336947683,-23.572918082296592,-193.27503204345703,1.0377643137139017,0.988859599629028,22.462042709414305,153.76799102794186
pflalign_no_personalization,2,30,23.287186824632407,-23.53424144722663,-193.64053344726562,1.037076623119654,0.9895023333066324,22.454644435607552,153.3351149343331
pflalign_sgd,2,30,38.43520722343985,-31.528646565100722,87.2512378692627,1.3275698250494883,1.2190566805358545,28.951552301218577,196.91459698992853
scaffold_reset,3,30,23.30180137385745,-6.783342133831767,236.92441177368164,2.163474918853237,3.4351505370251396,10.770543800068046,22.79018301941427
frlora,3,30,496.6649423127983,-227.6849024619101,2943.3413848876953,1.3194804654271186,2.1813696777540463,376.4094697317302,983.7879268494294
frlora_scaffold,3,30,568.0157247551685,-292.8319219927724,1996.3471069335938,1.6419294225605874,1.9397329392564933,345.9440563951577,1307.5189120537182
fedavg,3,30,450.35865712093454,-164.11430954419936,1048.7822036743164,1.1624336376297213,2.7441766557208327,387.42741309451907,843.109868281623
fedsa,3,30,374.67413660295665,-128.08100024115078,-13.891006469726562,2.059440255230523,2.9252905262882125,181.9300830171534,609.2787223340575
scaffold,3,30,443.92664805711075,-102.04547608810881,818.4786643981934,1.607160223462487,4.3502824924234025,276.2180407257152,746.6245332714269
pflalign,3,30,9.34714015913655,-5.959624777848921,53.009690284729004,1.3277489650719565,1.5684108492666422,7.039839913285105,45.83591453100338
pflalign_no_preconditioner,3,30,121.7927316654121,-21.111357097935908,769.8050155639648,2.6494173534259526,5.769062173521757,45.96962857056943,134.37407646459693
pflalign_no_correction,3,30,108.79242615718289,-72.47138300908148,1469.3810424804688,1.5744537895853532,1.501177728918875,69.09851967508959,120.68601343586357
pflalign_constant_gamma,3,30,5.5407071982361265,-5.505262480963078,9.63700532913208,1.0403588796465517,1.0064383337571303,5.325765278341748,38.73795789500067
pflalign_hard_gamma,3,30,59.70988461263692,-10.454925550687982,396.8163261413574,2.923840153553771,5.711172626065016,20.42173356845885,107.02191537464542
pflalign_constant_gamma_one,3,30,5.423807664481922,-5.506129585673668,1.4960336685180664,1.0168853708716594,0.985049040362955,5.333745395346491,38.227880798622024
pflalign_no_personalization,3,30,5.420882078976747,-5.502077662388906,1.3745651245117188,1.0165182270162982,0.9852427413071254,5.33279378067643,38.28399998239038
pflalign_sgd,3,30,11.137291241566384,-5.816329550801203,56.36215305328369,1.397464641692546,1.9148315349552734,7.969640811861543,50.94367822798173
