algorithm,phase,round,test_loss,perplexity,token_accuracy,exact_match,rougeL_f1,bleu4_pct
untrained,global,0,1.3595574692027548,3.8944694977134784,0.7066869300911854,0.0,0.3484872435644591,6.512501918365341
scaffold_reset,global,30,1.2641787525368318,3.5401841746755047,0.7226443768996961,0.0,0.2563655101080237,0.008321146414954593
frlora,global,30,2.6289326256083743,13.858969295720375,0.6983282674772037,0.14285714285714285,0.4482491354469182,1.0081445853414392
frlora_scaffold,global,30,2.3003359050873886,9.97753339621146,0.6914893617021277,0.14285714285714285,0.3591899168910038,2.019550529883124
fedavg,global,30,2.576843788534881,13.155550864564116,0.6899696048632219,0.07142857142857142,0.37860828823265896,0.08350826814308135
fedsa,global,30,2.294963448967977,9.924073270536189,0.7074468085106383,0.0,0.32537093175240805,0.058841053962921115
scaffold,global,30,2.450155635797461,11.590150421162944,0.6914893617021277,0.07142857142857142,0.3437729332467007,0.14833011425300535
pflalign,global,30,1.3082097330354268,3.6995446075523497,0.7135258358662614,0.0,0.36046687403038685,3.992343611210522
pflalign_no_preconditioner,global,30,1.29030460209832,3.63389327870695,0.7173252279635258,0.0,0.26775522035260135,0.07770442125007589
pflalign_no_correction,global,30,1.3445639048666216,3.8365130910467147,0.7082066869300911,0.0,0.3144193257508853,0.3006768730554514
pflalign_constant_gamma,global,30,1.335100719631624,3.8003786998862363,0.708966565349544,0.0,0.3582325574165818,4.999973828184534
pflalign_hard_gamma,global,30,1.2870323672483033,3.622021760270175,0.7150455927051672,0.0,0.28810317486470255,0.043453051613562485
pflalign_constant_gamma_one,global,30,1.34804096772678,3.8498761067877734,0.7074468085106383,0.0,0.3494038525786821,6.306230894026735
pflalign_no_personalization,global,30,1.3480849954494951,3.850045611796923,0.7074468085106383,0.0,0.3494038525786821,6.306230894026735
pflalign_sgd,global,30,1.3021919172947893,3.6773482834590503,0.7127659574468085,0.0,0.385819848336261,2.5810804518777184
untrained,local,0,1.4159267102853075,4.69407506171808,0.6971378663787091,0.0,0.346137071091453,6.669125921186755
scaffold_reset,local,30,1.224699725609601,4.034815281651213,0.7295054403364726,0.0,0.3706927359778278,11.694103475674627
frlora,local,30,2.5776850499441526,24.636072544072857,0.7115604047832556,0.0625,0.46396093325411214,18.355086616423378
frlora_scaffold,local,30,2.196832227064296,13.925776878247493,0.707485590875311,0.0625,0.35046252289926155,7.9920210894841395
fedavg,local,30,2.6461634185411325,31.49411815989229,0.6974729351068747,0.0625,0.40910737391857016,13.058777797626679
fedsa,local,30,2.687171365012048,34.27822426149736,0.7108584859858811,0.125,0.44328385785256386,12.630778693482354
scaffold,local,30,2.4015975886298713,17.992325977112927,0.702278025225972,0.0,0.35613420399180584,9.25045939202675
pflalign,local,30,1.3317363306231422,4.330805199532399,0.7084930149612176,0.0,0.3754307357811917,9.781497151507045
pflalign_no_preconditioner,local,30,1.2817033194902197,4.172038261441592,0.7126663248972354,0.0,0.2643905314730499,2.1103878001674627
pflalign_no_correction,local,30,1.3055329261864894,4.315983497709527,0.7099781528542246,0.0,0.3275289139128085,5.798819847987376
pflalign_constant_gamma,local,30,1.3758500252055077,4.51554907658872,0.703098628605312,0.0,0.3578364183171746,7.052404348691621
pflalign_hard_gamma,local,30,1.2760160962596336,4.155305597421044,0.7079554057865594,0.0,0.26894813728048067,3.8890321032953454
pflalign_constant_gamma_one,local,30,1.39693937913922,4.6089744172333305,0.7018548475107846,0.0,0.3467992873741099,6.408347447600686
pflalign_no_personalization,local,30,1.3970102427066398,4.609304627275098,0.7018548475107846,0.0,0.3467992873741099,6.408347447600686
pflalign_sgd,local,30,1.3225116739669085,4.291487238754527,0.7084930149612176,0.0,0.3836540053326362,10.499977352735758
