bleu4_pct,bleu_brevity_penalty,bleu_precision_1_raw,bleu_precision_2_raw,bleu_precision_3_raw,bleu_precision_4_raw,bleu_prediction_tokens,bleu_reference_tokens,client,consistency,correct_tokens,correction_norm,cosine_similarity,drift_diversity,eos_rate,exact_match,examples,global_distance,global_update_norm,hessian_examples,hessian_lambda_2,hessian_lambda_max,hessian_lambda_min,hessian_parameter_count,hessian_spec,hessian_target_tokens,hessian_top1_top2,hessian_trace,hessian_trace_se,kind,lanczos_probes,lanczos_steps,learning_rate,length_limit_rate,local_epoch,local_update_norm,mean_generated_tokens,model_definition,nll_sum,perplexity,phase,repeated_4gram_fraction,rougeL_f1,round,target_tokens,task,test_loss,token_accuracy,trace_probes,train_loss,weight_norm
,,,,,,,,0,,,0.0,1.0,,,,,0.0007496323087252676,,,,,,,,,,,,local_update,,,0.0002,,,0.0007496323087252676,,,,,,,,1,,,,,,1.0118059277534486,15.316919326782227
,,,,,,,,0,,,,,,,,,,,,,,,,,,,,,epoch,,,,,1.0,,,,,,,,,1,,,,,,1.0331,
,,,,,,,,0,,,,,,,,,,,,,,,,,,,,,epoch,,,,,2.0,,,,,,,,,1,,,,,,0.9394,
,,,,,,,,0,,,,,,,,,,,,,,,,,,,,,epoch,,,,,3.0,,,,,,,,,1,,,,,,1.0324,
,,,,,,,,0,,,,,,,,,,,,,,,,,,,,,epoch,,,,,4.0,,,,,,,,,1,,,,,,0.9872,
,,,,,,,,0,,,,,,,,,,,,,,,,,,,,,epoch,,,,,5.0,,,,,,,,,1,,,,,,1.0669,
,,,,,,,,1,,,0.0,1.0,,,,,0.0005171252996660769,,,,,,,,,,,,local_update,,,0.0002,,,0.0005171252996660769,,,,,,,,1,,,,,,1.1450984477996826,15.316919326782227
,,,,,,,,1,,,,,,,,,,,,,,,,,,,,,epoch,,,,,1.0,,,,,,,,,1,,,,,,1.1476,
,,,,,,,,1,,,,,,,,,,,,,,,,,,,,,epoch,,,,,2.0,,,,,,,,,1,,,,,,1.1777,
,,,,,,,,1,,,,,,,,,,,,,,,,,,,,,epoch,,,,,3.0,,,,,,,,,1,,,,,,1.0511,
,,,,,,,,1,,,,,,,,,,,,,,,,,,,,,epoch,,,,,4.0,,,,,,,,,1,,,,,,1.1137,
,,,,,,,,1,,,,,,,,,,,,,,,,,,,,,epoch,,,,,5.0,,,,,,,,,1,,,,,,1.2354,
,,,,,,,,2,,,0.0,1.0,,,,,0.001496492070145905,,,,,,,,,,,,local_update,,,0.0002,,,0.001496492070145905,,,,,,,,1,,,,,,1.5927730321884155,15.316919326782227
,,,,,,,,2,,,,,,,,,,,,,,,,,,,,,epoch,,,,,1.0,,,,,,,,,1,,,,,,1.5645,
,,,,,,,,2,,,,,,,,,,,,,,,,,,,,,epoch,,,,,2.0,,,,,,,,,1,,,,,,1.6141,
,,,,,,,,2,,,,,,,,,,,,,,,,,,,,,epoch,,,,,3.0,,,,,,,,,1,,,,,,1.568,
,,,,,,,,2,,,,,,,,,,,,,,,,,,,,,epoch,,,,,4.0,,,,,,,,,1,,,,,,1.6622,
,,,,,,,,2,,,,,,,,,,,,,,,,,,,,,epoch,,,,,5.0,,,,,,,,,1,,,,,,1.5551,
,,,,,,,,3,,,0.0,1.0,,,,,0.0004393278795760125,,,,,,,,,,,,local_update,,,0.0002,,,0.0004393278795760125,,,,,,,,1,,,,,,1.3035600185394287,15.316919326782227
,,,,,,,,3,,,,,,,,,,,,,,,,,,,,,epoch,,,,,1.0,,,,,,,,,1,,,,,,1.2888,
,,,,,,,,3,,,,,,,,,,,,,,,,,,,,,epoch,,,,,2.0,,,,,,,,,1,,,,,,1.3197,
,,,,,,,,3,,,,,,,,,,,,,,,,,,,,,epoch,,,,,3.0,,,,,,,,,1,,,,,,1.2613,
,,,,,,,,3,,,,,,,,,,,,,,,,,,,,,epoch,,,,,4.0,,,,,,,,,1,,,,,,1.268,
,,,,,,,,3,,,,,,,,,,,,,,,,,,,,,epoch,,,,,5.0,,,,,,,,,1,,,,,,1.38,
,,,,,,,,-1,8.154661372827832e-07,,0.0,,1.810561619543996,,,,,0.0006711140186843951,,,,,,,,,,,server_update,,,,,,,,,,,,,,1,,,,,,,15.316919326782227
,,,,,,,,0,,,0.0,1.0,,,,,0.001122414250858128,,,,,,,,,,,,local_update,,,0.0002,,,0.00039290907443501055,,,,,,,,2,,,,,,1.0399497389793395,15.316919326782227
,,,,,,,,0,,,,,,,,,,,,,,,,,,,,,epoch,,,,,1.0,,,,,,,,,2,,,,,,1.0361,
,,,,,,,,0,,,,,,,,,,,,,,,,,,,,,epoch,,,,,2.0,,,,,,,,,2,,,,,,1.0381,
,,,,,,,,0,,,,,,,,,,,,,,,,,,,,,epoch,,,,,3.0,,,,,,,,,2,,,,,,1.0641,
,,,,,,,,0,,,,,,,,,,,,,,,,,,,,,epoch,,,,,4.0,,,,,,,,,2,,,,,,0.9954,
,,,,,,,,0,,,,,,,,,,,,,,,,,,,,,epoch,,,,,5.0,,,,,,,,,2,,,,,,1.066,
,,,,,,,,1,,,0.0,1.0,,,,,0.0006975811556912959,,,,,,,,,,,,local_update,,,0.0002,,,0.0002037435187958181,,,,,,,,2,,,,,,1.1663532257080078,15.316919326782227
,,,,,,,,1,,,,,,,,,,,,,,,,,,,,,epoch,,,,,1.0,,,,,,,,,2,,,,,,1.1388,
,,,,,,,,1,,,,,,,,,,,,,,,,,,,,,epoch,,,,,2.0,,,,,,,,,2,,,,,,1.1551,
,,,,,,,,1,,,,,,,,,,,,,,,,,,,,,epoch,,,,,3.0,,,,,,,,,2,,,,,,1.1964,
,,,,,,,,1,,,,,,,,,,,,,,,,,,,,,epoch,,,,,4.0,,,,,,,,,2,,,,,,1.1948,
,,,,,,,,1,,,,,,,,,,,,,,,,,,,,,epoch,,,,,5.0,,,,,,,,,2,,,,,,1.1467,
,,,,,,,,2,,,0.0,1.0,,,,,0.002324317116290331,,,,,,,,,,,,local_update,,,0.0002,,,0.0008430799352936447,,,,,,,,2,,,,,,1.6087884664535523,15.316919326782227
,,,,,,,,2,,,,,,,,,,,,,,,,,,,,,epoch,,,,,1.0,,,,,,,,,2,,,,,,1.5365,
,,,,,,,,2,,,,,,,,,,,,,,,,,,,,,epoch,,,,,2.0,,,,,,,,,2,,,,,,1.5568,
,,,,,,,,2,,,,,,,,,,,,,,,,,,,,,epoch,,,,,3.0,,,,,,,,,2,,,,,,1.7586,
,,,,,,,,2,,,,,,,,,,,,,,,,,,,,,epoch,,,,,4.0,,,,,,,,,2,,,,,,1.5755,
,,,,,,,,2,,,,,,,,,,,,,,,,,,,,,epoch,,,,,5.0,,,,,,,,,2,,,,,,1.6165,
,,,,,,,,3,,,0.0,1.0,,,,,0.000679653137922287,,,,,,,,,,,,local_update,,,0.0002,,,0.0002475474902894348,,,,,,,,2,,,,,,1.3050987005233765,15.316919326782227
,,,,,,,,3,,,,,,,,,,,,,,,,,,,,,epoch,,,,,1.0,,,,,,,,,2,,,,,,1.278,
,,,,,,,,3,,,,,,,,,,,,,,,,,,,,,epoch,,,,,2.0,,,,,,,,,2,,,,,,1.2677,
,,,,,,,,3,,,,,,,,,,,,,,,,,,,,,epoch,,,,,3.0,,,,,,,,,2,,,,,,1.2893,
,,,,,,,,3,,,,,,,,,,,,,,,,,,,,,epoch,,,,,4.0,,,,,,,,,2,,,,,,1.2938,
,,,,,,,,3,,,,,,,,,,,,,,,,,,,,,epoch,,,,,5.0,,,,,,,,,2,,,,,,1.3965,
,,,,,,,,-1,1.9027029054541345e-06,,0.0,,1.857351371177256,,,,,0.0010121350282549153,,,,,,,,,,,server_update,,,,,,,,,,,,,,2,,,,,,,15.316919326782227
,,,,,,,,0,,,0.0,1.0,,,,,0.0010828310623764992,,,,,,,,,,,,local_update,,,0.0002,,,0.00014224788174033165,,,,,,,,3,,,,,,1.0102429032325744,15.316919326782227
,,,,,,,,0,,,,,,,,,,,,,,,,,,,,,epoch,,,,,1.0,,,,,,,,,3,,,,,,0.9115,
,,,,,,,,0,,,,,,,,,,,,,,,,,,,,,epoch,,,,,2.0,,,,,,,,,3,,,,,,1.0669,
,,,,,,,,0,,,,,,,,,,,,,,,,,,,,,epoch,,,,,3.0,,,,,,,,,3,,,,,,0.9702,
,,,,,,,,0,,,,,,,,,,,,,,,,,,,,,epoch,,,,,4.0,,,,,,,,,3,,,,,,1.0833,
,,,,,,,,0,,,,,,,,,,,,,,,,,,,,,epoch,,,,,5.0,,,,,,,,,3,,,,,,1.0193,
,,,,,,,,1,,,0.0,1.0,,,,,0.0007855099975131452,,,,,,,,,,,,local_update,,,0.0002,,,0.00015736123896203935,,,,,,,,3,,,,,,1.2076592445373535,15.316919326782227
,,,,,,,,1,,,,,,,,,,,,,,,,,,,,,epoch,,,,,1.0,,,,,,,,,3,,,,,,1.2969,
,,,,,,,,1,,,,,,,,,,,,,,,,,,,,,epoch,,,,,2.0,,,,,,,,,3,,,,,,1.0145,
,,,,,,,,1,,,,,,,,,,,,,,,,,,,,,epoch,,,,,3.0,,,,,,,,,3,,,,,,1.1757,
,,,,,,,,1,,,,,,,,,,,,,,,,,,,,,epoch,,,,,4.0,,,,,,,,,3,,,,,,1.1627,
,,,,,,,,1,,,,,,,,,,,,,,,,,,,,,epoch,,,,,5.0,,,,,,,,,3,,,,,,1.3884,
,,,,,,,,2,,,0.0,1.0,,,,,0.002359498757869005,,,,,,,,,,,,local_update,,,0.0002,,,0.0002258000458823517,,,,,,,,3,,,,,,1.6162184238433839,15.316920280456543
,,,,,,,,2,,,,,,,,,,,,,,,,,,,,,epoch,,,,,1.0,,,,,,,,,3,,,,,,1.6388,
,,,,,,,,2,,,,,,,,,,,,,,,,,,,,,epoch,,,,,2.0,,,,,,,,,3,,,,,,1.6384,
,,,,,,,,2,,,,,,,,,,,,,,,,,,,,,epoch,,,,,3.0,,,,,,,,,3,,,,,,1.647,
,,,,,,,,2,,,,,,,,,,,,,,,,,,,,,epoch,,,,,4.0,,,,,,,,,3,,,,,,1.5947,
,,,,,,,,2,,,,,,,,,,,,,,,,,,,,,epoch,,,,,5.0,,,,,,,,,3,,,,,,1.5621,
,,,,,,,,3,,,0.0,1.0,,,,,0.0006884002941660583,,,,,,,,,,,,local_update,,,0.0002,,,7.211916090454906e-05,,,,,,,,3,,,,,,1.3214823484420777,15.316919326782227
,,,,,,,,3,,,,,,,,,,,,,,,,,,,,,epoch,,,,,1.0,,,,,,,,,3,,,,,,1.3175,
,,,,,,,,3,,,,,,,,,,,,,,,,,,,,,epoch,,,,,2.0,,,,,,,,,3,,,,,,1.3238,
,,,,,,,,3,,,,,,,,,,,,,,,,,,,,,epoch,,,,,3.0,,,,,,,,,3,,,,,,1.3139,
,,,,,,,,3,,,,,,,,,,,,,,,,,,,,,epoch,,,,,4.0,,,,,,,,,3,,,,,,1.3142,
,,,,,,,,3,,,,,,,,,,,,,,,,,,,,,epoch,,,,,5.0,,,,,,,,,3,,,,,,1.3381,
,,,,,,,,-1,1.9576696104195435e-06,,0.0,,1.8441965382982153,,,,,0.001030305690152496,,,,,,,,,,,server_update,,,,,,,,,,,,,,3,,,,,,,15.316919326782227
,,,,,,,,0,,,0.0,1.0,,,,,0.00121568632312119,,,,,,,,,,,,local_update,,,0.0002,,,0.00019188942678738385,,,,,,,,4,,,,,,1.1041731595993043,15.316919326782227
,,,,,,,,0,,,,,,,,,,,,,,,,,,,,,epoch,,,,,1.0,,,,,,,,,4,,,,,,1.1846,
,,,,,,,,0,,,,,,,,,,,,,,,,,,,,,epoch,,,,,2.0,,,,,,,,,4,,,,,,1.0933,
,,,,,,,,0,,,,,,,,,,,,,,,,,,,,,epoch,,,,,3.0,,,,,,,,,4,,,,,,1.1037,
,,,,,,,,0,,,,,,,,,,,,,,,,,,,,,epoch,,,,,4.0,,,,,,,,,4,,,,,,1.0355,
,,,,,,,,0,,,,,,,,,,,,,,,,,,,,,epoch,,,,,5.0,,,,,,,,,4,,,,,,1.1037,
,,,,,,,,1,,,0.0,1.0,,,,,0.0007310291985049844,,,,,,,,,,,,local_update,,,0.0002,,,0.0001361724134767428,,,,,,,,4,,,,,,1.157918119430542,15.316919326782227
,,,,,,,,1,,,,,,,,,,,,,,,,,,,,,epoch,,,,,1.0,,,,,,,,,4,,,,,,1.1403,
,,,,,,,,1,,,,,,,,,,,,,,,,,,,,,epoch,,,,,2.0,,,,,,,,,4,,,,,,1.2026,
,,,,,,,,1,,,,,,,,,,,,,,,,,,,,,epoch,,,,,3.0,,,,,,,,,4,,,,,,1.0913,
,,,,,,,,1,,,,,,,,,,,,,,,,,,,,,epoch,,,,,4.0,,,,,,,,,4,,,,,,1.1037,
,,,,,,,,1,,,,,,,,,,,,,,,,,,,,,epoch,,,,,5.0,,,,,,,,,4,,,,,,1.2516,
,,,,,,,,2,,,0.0,1.0,,,,,0.002280324697494507,,,,,,,,,,,,local_update,,,0.0002,,,0.00027684844098985195,,,,,,,,4,,,,,,1.5670885562896728,15.31692123413086
,,,,,,,,2,,,,,,,,,,,,,,,,,,,,,epoch,,,,,1.0,,,,,,,,,4,,,,,,1.593,
,,,,,,,,2,,,,,,,,,,,,,,,,,,,,,epoch,,,,,2.0,,,,,,,,,4,,,,,,1.5558,
,,,,,,,,2,,,,,,,,,,,,,,,,,,,,,epoch,,,,,3.0,,,,,,,,,4,,,,,,1.5424,
,,,,,,,,2,,,,,,,,,,,,,,,,,,,,,epoch,,,,,4.0,,,,,,,,,4,,,,,,1.571,
,,,,,,,,2,,,,,,,,,,,,,,,,,,,,,epoch,,,,,5.0,,,,,,,,,4,,,,,,1.5733,
,,,,,,,,3,,,0.0,1.0,,,,,0.0006798556423746049,,,,,,,,,,,,local_update,,,0.0002,,,6.934933480806649e-05,,,,,,,,4,,,,,,1.3175429105758667,15.316919326782227
,,,,,,,,3,,,,,,,,,,,,,,,,,,,,,epoch,,,,,1.0,,,,,,,,,4,,,,,,1.3934,
,,,,,,,,3,,,,,,,,,,,,,,,,,,,,,epoch,,,,,2.0,,,,,,,,,4,,,,,,1.3658,
,,,,,,,,3,,,,,,,,,,,,,,,,,,,,,epoch,,,,,3.0,,,,,,,,,4,,,,,,1.2738,
,,,,,,,,3,,,,,,,,,,,,,,,,,,,,,epoch,,,,,4.0,,,,,,,,,4,,,,,,1.234,
,,,,,,,,3,,,,,,,,,,,,,,,,,,,,,epoch,,,,,5.0,,,,,,,,,4,,,,,,1.3206,
,,,,,,,,-1,1.9185953732403505e-06,,0.0,,1.8312630024428207,,,,,0.0010235671415316238,,,,,,,,,,,server_update,,,,,,,,,,,,,,4,,,,,,,15.316919326782227
,,,,,,,,0,,,0.0,1.0,,,,,0.001217643148265779,,,,,,,,,,,,local_update,,,0.0002,,,0.0001606366568012163,,,,,,,,5,,,,,,1.0382568120956421,15.31692123413086
,,,,,,,,0,,,,,,,,,,,,,,,,,,,,,epoch,,,,,1.0,,,,,,,,,5,,,,,,1.0359,
,,,,,,,,0,,,,,,,,,,,,,,,,,,,,,epoch,,,,,2.0,,,,,,,,,5,,,,,,1.0215,
,,,,,,,,0,,,,,,,,,,,,,,,,,,,,,epoch,,,,,3.0,,,,,,,,,5,,,,,,1.0221,
,,,,,,,,0,,,,,,,,,,,,,,,,,,,,,epoch,,,,,4.0,,,,,,,,,5,,,,,,1.0139,
,,,,,,,,0,,,,,,,,,,,,,,,,,,,,,epoch,,,,,5.0,,,,,,,,,5,,,,,,1.0978,
12.418016051981585,1.0,0.357429718875502,0.14285714285714285,0.07883817427385892,0.05907172995780591,249,152,0,,129,,,,1.0,0.0,4,,,,,,,,,,,,,evaluation,,,,0.0,,,79.5,trained_local,353.2187166213989,5.796805835693557,post_local,0.022099447513812154,0.46277342237708097,5,201,closed_qa,1.7573070478676565,0.6417910447761194,,,
,,,,,,,,1,,,0.0,1.0,,,,,0.0007567930151708424,,,,,,,,,,,,local_update,,,0.0002,,,0.00010619487147778273,,,,,,,,5,,,,,,1.184490942955017,15.316920280456543
,,,,,,,,1,,,,,,,,,,,,,,,,,,,,,epoch,,,,,1.0,,,,,,,,,5,,,,,,1.2535,
,,,,,,,,1,,,,,,,,,,,,,,,,,,,,,epoch,,,,,2.0,,,,,,,,,5,,,,,,1.1853,
,,,,,,,,1,,,,,,,,,,,,,,,,,,,,,epoch,,,,,3.0,,,,,,,,,5,,,,,,1.22,
,,,,,,,,1,,,,,,,,,,,,,,,,,,,,,epoch,,,,,4.0,,,,,,,,,5,,,,,,1.1474,
,,,,,,,,1,,,,,,,,,,,,,,,,,,,,,epoch,,,,,5.0,,,,,,,,,5,,,,,,1.1163,
0.5013814639457449,0.05794413848749286,0.3954022988505747,0.09490740740740741,0.04895104895104895,0.03051643192488263,435,1674,1,,253,,,,1.0,0.0,3,,,,,,,,,,,,,evaluation,,,,0.0,,,183.66666666666666,trained_local,924.3056297302246,7.7636932794584,post_local,0.15681388158198348,0.24157427722302574,5,451,information_extraction,2.0494581590470613,0.5609756097560976,,,
,,,,,,,,2,,,0.0,1.0,,,,,0.0023919432424008846,,,,,,,,,,,,local_update,,,0.0002,,,0.00023950630566105247,,,,,,,,5,,,,,,1.5809746980667114,15.316922187805176
,,,,,,,,2,,,,,,,,,,,,,,,,,,,,,epoch,,,,,1.0,,,,,,,,,5,,,,,,1.5629,
,,,,,,,,2,,,,,,,,,,,,,,,,,,,,,epoch,,,,,2.0,,,,,,,,,5,,,,,,1.6034,
,,,,,,,,2,,,,,,,,,,,,,,,,,,,,,epoch,,,,,3.0,,,,,,,,,5,,,,,,1.6034,
,,,,,,,,2,,,,,,,,,,,,,,,,,,,,,epoch,,,,,4.0,,,,,,,,,5,,,,,,1.5748,
,,,,,,,,2,,,,,,,,,,,,,,,,,,,,,epoch,,,,,5.0,,,,,,,,,5,,,,,,1.5605,
3.886421178446029,1.0,0.12398921832884097,0.05994550408719346,0.027548209366391185,0.011142061281337047,371,60,2,,79,,,,0.75,0.0,4,,,,,,,,,,,,,evaluation,,,,0.25,,,146.75,trained_local,121.86707878112793,3.1572121982173527,post_local,0.1945364238410596,0.2645823629871138,5,106,classification,1.149689422463471,0.7452830188679245,,,
,,,,,,,,3,,,0.0,1.0000001192092896,,,,,0.0006847375771030784,,,,,,,,,,,,local_update,,,0.0002,,,7.181968248914927e-05,,,,,,,,5,,,,,,1.3296563863754272,15.316919326782227
,,,,,,,,3,,,,,,,,,,,,,,,,,,,,,epoch,,,,,1.0,,,,,,,,,5,,,,,,1.3699,
,,,,,,,,3,,,,,,,,,,,,,,,,,,,,,epoch,,,,,2.0,,,,,,,,,5,,,,,,1.3436,
,,,,,,,,3,,,,,,,,,,,,,,,,,,,,,epoch,,,,,3.0,,,,,,,,,5,,,,,,1.2883,
,,,,,,,,3,,,,,,,,,,,,,,,,,,,,,epoch,,,,,4.0,,,,,,,,,5,,,,,,1.3011,
,,,,,,,,3,,,,,,,,,,,,,,,,,,,,,epoch,,,,,5.0,,,,,,,,,5,,,,,,1.3455,
8.152036615993113,0.1502203333101924,0.717391304347826,0.5726872246696035,0.49107142857142855,0.4298642533936652,230,666,3,,469,,,,1.0,0.0,3,,,,,,,,,,,,,evaluation,,,,0.0,,,106.33333333333333,trained_local,387.3486747741699,2.0020531966303916,post_local,0.05601309259845847,0.4177974503377943,5,558,summarization,0.6941732522834586,0.8405017921146953,,,
,,,,,,,,-1,2.061412168075094e-06,,0.0,,1.8365354234787086,,,,,0.0010594556048601725,,,,,,,,,,,server_update,,,,,,,,,,,,,,5,,,,,,,15.31692123413086
6.370405721606332,0.3730688776155647,0.3673151750972763,0.17938630999213218,0.12728719172633254,0.10136765888978279,1285,2552,-1,,930,,,,0.9285714285714286,0.0,14,,,,,,,,,,,,,evaluation,,,,0.07142857142857142,,,126.78571428571429,aggregated_global,1786.8844413757324,3.887689121959281,post_aggregation,0.10750174342577234,0.3491098802956599,5,1316,all_test,1.3578149250575475,0.7066869300911854,,,
,,,,,,,,0,,,0.0,1.0,,,,,0.0011251887772232294,,,,,,,,,,,,local_update,,,0.0002,,,0.0001680558198131621,,,,,,,,6,,,,,,1.038240098953247,15.31692123413086
,,,,,,,,0,,,,,,,,,,,,,,,,,,,,,epoch,,,,,1.0,,,,,,,,,6,,,,,,1.032,
,,,,,,,,0,,,,,,,,,,,,,,,,,,,,,epoch,,,,,2.0,,,,,,,,,6,,,,,,1.0675,
,,,,,,,,0,,,,,,,,,,,,,,,,,,,,,epoch,,,,,3.0,,,,,,,,,6,,,,,,1.0247,
,,,,,,,,0,,,,,,,,,,,,,,,,,,,,,epoch,,,,,4.0,,,,,,,,,6,,,,,,1.0542,
,,,,,,,,0,,,,,,,,,,,,,,,,,,,,,epoch,,,,,5.0,,,,,,,,,6,,,,,,1.0128,
,,,,,,,,1,,,0.0,1.0,,,,,0.0007080179639160633,,,,,,,,,,,,local_update,,,0.0002,,,0.00010007300443248823,,,,,,,,6,,,,,,1.1627626419067383,15.31692123413086
,,,,,,,,1,,,,,,,,,,,,,,,,,,,,,epoch,,,,,1.0,,,,,,,,,6,,,,,,1.2695,
,,,,,,,,1,,,,,,,,,,,,,,,,,,,,,epoch,,,,,2.0,,,,,,,,,6,,,,,,1.1062,
,,,,,,,,1,,,,,,,,,,,,,,,,,,,,,epoch,,,,,3.0,,,,,,,,,6,,,,,,1.1791,
,,,,,,,,1,,,,,,,,,,,,,,,,,,,,,epoch,,,,,4.0,,,,,,,,,6,,,,,,1.0344,
,,,,,,,,1,,,,,,,,,,,,,,,,,,,,,epoch,,,,,5.0,,,,,,,,,6,,,,,,1.2246,
,,,,,,,,2,,,0.0,0.9999998807907104,,,,,0.002167615806683898,,,,,,,,,,,,local_update,,,0.0002,,,0.0003440480795688927,,,,,,,,6,,,,,,1.5677535772323608,15.316923141479492
,,,,,,,,2,,,,,,,,,,,,,,,,,,,,,epoch,,,,,1.0,,,,,,,,,6,,,,,,1.5463,
,,,,,,,,2,,,,,,,,,,,,,,,,,,,,,epoch,,,,,2.0,,,,,,,,,6,,,,,,1.5416,
,,,,,,,,2,,,,,,,,,,,,,,,,,,,,,epoch,,,,,3.0,,,,,,,,,6,,,,,,1.6253,
,,,,,,,,2,,,,,,,,,,,,,,,,,,,,,epoch,,,,,4.0,,,,,,,,,6,,,,,,1.5749,
,,,,,,,,2,,,,,,,,,,,,,,,,,,,,,epoch,,,,,5.0,,,,,,,,,6,,,,,,1.5506,
,,,,,,,,3,,,0.0,1.0,,,,,0.0006892492529004812,,,,,,,,,,,,local_update,,,0.0002,,,6.372491043293849e-05,,,,,,,,6,,,,,,1.3242578983306885,15.31692123413086
,,,,,,,,3,,,,,,,,,,,,,,,,,,,,,epoch,,,,,1.0,,,,,,,,,6,,,,,,1.3653,
,,,,,,,,3,,,,,,,,,,,,,,,,,,,,,epoch,,,,,2.0,,,,,,,,,6,,,,,,1.3239,
,,,,,,,,3,,,,,,,,,,,,,,,,,,,,,epoch,,,,,3.0,,,,,,,,,6,,,,,,1.2486,
,,,,,,,,3,,,,,,,,,,,,,,,,,,,,,epoch,,,,,4.0,,,,,,,,,6,,,,,,1.3713,
,,,,,,,,3,,,,,,,,,,,,,,,,,,,,,epoch,,,,,5.0,,,,,,,,,6,,,,,,1.3122,
,,,,,,,,-1,1.7352406302961754e-06,,0.0,,1.822594754797594,,,,,0.0009757415433238715,,,,,,,,,,,server_update,,,,,,,,,,,,,,6,,,,,,,15.31692123413086
,,,,,,,,0,,,0.0,1.0,,,,,0.0011724623618647456,,,,,,,,,,,,local_update,,,0.0002,,,0.00017548829782754183,,,,,,,,7,,,,,,1.0918258666992187,15.316922187805176
,,,,,,,,0,,,,,,,,,,,,,,,,,,,,,epoch,,,,,1.0,,,,,,,,,7,,,,,,1.1196,
,,,,,,,,0,,,,,,,,,,,,,,,,,,,,,epoch,,,,,2.0,,,,,,,,,7,,,,,,1.0234,
,,,,,,,,0,,,,,,,,,,,,,,,,,,,,,epoch,,,,,3.0,,,,,,,,,7,,,,,,1.0333,
,,,,,,,,0,,,,,,,,,,,,,,,,,,,,,epoch,,,,,4.0,,,,,,,,,7,,,,,,1.1955,
,,,,,,,,0,,,,,,,,,,,,,,,,,,,,,epoch,,,,,5.0,,,,,,,,,7,,,,,,1.0874,
,,,,,,,,1,,,0.0,1.0,,,,,0.0007356934947893023,,,,,,,,,,,,local_update,,,0.0002,,,8.32417281344533e-05,,,,,,,,7,,,,,,1.1803770065307617,15.316922187805176
,,,,,,,,1,,,,,,,,,,,,,,,,,,,,,epoch,,,,,1.0,,,,,,,,,7,,,,,,1.1718,
,,,,,,,,1,,,,,,,,,,,,,,,,,,,,,epoch,,,,,2.0,,,,,,,,,7,,,,,,1.2057,
,,,,,,,,1,,,,,,,,,,,,,,,,,,,,,epoch,,,,,3.0,,,,,,,,,7,,,,,,1.223,
,,,,,,,,1,,,,,,,,,,,,,,,,,,,,,epoch,,,,,4.0,,,,,,,,,7,,,,,,1.1646,
,,,,,,,,1,,,,,,,,,,,,,,,,,,,,,epoch,,,,,5.0,,,,,,,,,7,,,,,,1.1368,
,,,,,,,,2,,,0.0,0.9999999403953552,,,,,0.0023062541149556637,,,,,,,,,,,,local_update,,,0.0002,,,0.00026390509447082877,,,,,,,,7,,,,,,1.5724427700042725,15.316924095153809
,,,,,,,,2,,,,,,,,,,,,,,,,,,,,,epoch,,,,,1.0,,,,,,,,,7,,,,,,1.5677,
,,,,,,,,2,,,,,,,,,,,,,,,,,,,,,epoch,,,,,2.0,,,,,,,,,7,,,,,,1.5777,
,,,,,,,,2,,,,,,,,,,,,,,,,,,,,,epoch,,,,,3.0,,,,,,,,,7,,,,,,1.5405,
,,,,,,,,2,,,,,,,,,,,,,,,,,,,,,epoch,,,,,4.0,,,,,,,,,7,,,,,,1.5806,
,,,,,,,,2,,,,,,,,,,,,,,,,,,,,,epoch,,,,,5.0,,,,,,,,,7,,,,,,1.5956,
,,,,,,,,3,,,0.0,1.0,,,,,0.0006596384337171912,,,,,,,,,,,,local_update,,,0.0002,,,7.92208084021695e-05,,,,,,,,7,,,,,,1.325933861732483,15.316922187805176
,,,,,,,,3,,,,,,,,,,,,,,,,,,,,,epoch,,,,,1.0,,,,,,,,,7,,,,,,1.2773,
,,,,,,,,3,,,,,,,,,,,,,,,,,,,,,epoch,,,,,2.0,,,,,,,,,7,,,,,,1.3314,
,,,,,,,,3,,,,,,,,,,,,,,,,,,,,,epoch,,,,,3.0,,,,,,,,,7,,,,,,1.4025,
,,,,,,,,3,,,,,,,,,,,,,,,,,,,,,epoch,,,,,4.0,,,,,,,,,7,,,,,,1.3634,
,,,,,,,,3,,,,,,,,,,,,,,,,,,,,,epoch,,,,,5.0,,,,,,,,,7,,,,,,1.2551,
,,,,,,,,-1,1.917460906497581e-06,,0.0,,1.865544766167095,,,,,0.0010138189896296904,,,,,,,,,,,server_update,,,,,,,,,,,,,,7,,,,,,,15.316922187805176
,,,,,,,,0,,,0.0,1.0,,,,,0.001096104271709919,,,,,,,,,,,,local_update,,,0.0002,,,0.00016710445925127715,,,,,,,,8,,,,,,1.0452473044395447,15.316923141479492
,,,,,,,,0,,,,,,,,,,,,,,,,,,,,,epoch,,,,,1.0,,,,,,,,,8,,,,,,1.0966,
,,,,,,,,0,,,,,,,,,,,,,,,,,,,,,epoch,,,,,2.0,,,,,,,,,8,,,,,,1.0406,
,,,,,,,,0,,,,,,,,,,,,,,,,,,,,,epoch,,,,,3.0,,,,,,,,,8,,,,,,1.1544,
,,,,,,,,0,,,,,,,,,,,,,,,,,,,,,epoch,,,,,4.0,,,,,,,,,8,,,,,,0.9728,
,,,,,,,,0,,,,,,,,,,,,,,,,,,,,,epoch,,,,,5.0,,,,,,,,,8,,,,,,0.9619,
,,,,,,,,1,,,0.0,1.0,,,,,0.0007012263522483408,,,,,,,,,,,,local_update,,,0.0002,,,9.516837599221617e-05,,,,,,,,8,,,,,,1.13580162525177,15.316923141479492
,,,,,,,,1,,,,,,,,,,,,,,,,,,,,,epoch,,,,,1.0,,,,,,,,,8,,,,,,1.239,
,,,,,,,,1,,,,,,,,,,,,,,,,,,,,,epoch,,,,,2.0,,,,,,,,,8,,,,,,1.1957,
,,,,,,,,1,,,,,,,,,,,,,,,,,,,,,epoch,,,,,3.0,,,,,,,,,8,,,,,,1.1249,
,,,,,,,,1,,,,,,,,,,,,,,,,,,,,,epoch,,,,,4.0,,,,,,,,,8,,,,,,1.0902,
,,,,,,,,1,,,,,,,,,,,,,,,,,,,,,epoch,,,,,5.0,,,,,,,,,8,,,,,,1.0292,
,,,,,,,,2,,,0.0,1.0,,,,,0.002401378471404314,,,,,,,,,,,,local_update,,,0.0002,,,0.00022133285528980196,,,,,,,,8,,,,,,1.5448370218276977,15.316925048828125
,,,,,,,,2,,,,,,,,,,,,,,,,,,,,,epoch,,,,,1.0,,,,,,,,,8,,,,,,1.553,
,,,,,,,,2,,,,,,,,,,,,,,,,,,,,,epoch,,,,,2.0,,,,,,,,,8,,,,,,1.5186,
,,,,,,,,2,,,,,,,,,,,,,,,,,,,,,epoch,,,,,3.0,,,,,,,,,8,,,,,,1.5711,
,,,,,,,,2,,,,,,,,,,,,,,,,,,,,,epoch,,,,,4.0,,,,,,,,,8,,,,,,1.5503,
,,,,,,,,2,,,,,,,,,,,,,,,,,,,,,epoch,,,,,5.0,,,,,,,,,8,,,,,,1.5312,
,,,,,,,,3,,,0.0,1.0,,,,,0.000683570746332407,,,,,,,,,,,,local_update,,,0.0002,,,7.28717859601602e-05,,,,,,,,8,,,,,,1.3150824069976808,15.316923141479492
,,,,,,,,3,,,,,,,,,,,,,,,,,,,,,epoch,,,,,1.0,,,,,,,,,8,,,,,,1.3002,
,,,,,,,,3,,,,,,,,,,,,,,,,,,,,,epoch,,,,,2.0,,,,,,,,,8,,,,,,1.3736,
,,,,,,,,3,,,,,,,,,,,,,,,,,,,,,epoch,,,,,3.0,,,,,,,,,8,,,,,,1.3523,
,,,,,,,,3,,,,,,,,,,,,,,,,,,,,,epoch,,,,,4.0,,,,,,,,,8,,,,,,1.3126,
,,,,,,,,3,,,,,,,,,,,,,,,,,,,,,epoch,,,,,5.0,,,,,,,,,8,,,,,,1.2367,
,,,,,,,,-1,1.9817625798168592e-06,,0.0,,1.891603348330067,,,,,0.00102355403527587,,,,,,,,,,,server_update,,,,,,,,,,,,,,8,,,,,,,15.316923141479492
,,,,,,,,0,,,0.0,1.0,,,,,0.001202481216751039,,,,,,,,,,,,local_update,,,0.0002,,,0.00016491895075887442,,,,,,,,9,,,,,,1.0480008840560913,15.316924095153809
,,,,,,,,0,,,,,,,,,,,,,,,,,,,,,epoch,,,,,1.0,,,,,,,,,9,,,,,,1.0624,
,,,,,,,,0,,,,,,,,,,,,,,,,,,,,,epoch,,,,,2.0,,,,,,,,,9,,,,,,0.9937,
,,,,,,,,0,,,,,,,,,,,,,,,,,,,,,epoch,,,,,3.0,,,,,,,,,9,,,,,,1.0094,
,,,,,,,,0,,,,,,,,,,,,,,,,,,,,,epoch,,,,,4.0,,,,,,,,,9,,,,,,1.0333,
,,,,,,,,0,,,,,,,,,,,,,,,,,,,,,epoch,,,,,5.0,,,,,,,,,9,,,,,,1.1412,
,,,,,,,,1,,,0.0,1.0,,,,,0.0006715973722748458,,,,,,,,,,,,local_update,,,0.0002,,,9.345338912680745e-05,,,,,,,,9,,,,,,1.1298202991485595,15.316924095153809
,,,,,,,,1,,,,,,,,,,,,,,,,,,,,,epoch,,,,,1.0,,,,,,,,,9,,,,,,1.0195,
,,,,,,,,1,,,,,,,,,,,,,,,,,,,,,epoch,,,,,2.0,,,,,,,,,9,,,,,,1.1263,
,,,,,,,,1,,,,,,,,,,,,,,,,,,,,,epoch,,,,,3.0,,,,,,,,,9,,,,,,1.2602,
,,,,,,,,1,,,,,,,,,,,,,,,,,,,,,epoch,,,,,4.0,,,,,,,,,9,,,,,,1.1465,
,,,,,,,,1,,,,,,,,,,,,,,,,,,,,,epoch,,,,,5.0,,,,,,,,,9,,,,,,1.0967,
,,,,,,,,2,,,0.0,1.0,,,,,0.002387657994404435,,,,,,,,,,,,local_update,,,0.0002,,,0.0002178842987632379,,,,,,,,9,,,,,,1.5769786596298219,15.316926002502441
,,,,,,,,2,,,,,,,,,,,,,,,,,,,,,epoch,,,,,1.0,,,,,,,,,9,,,,,,1.5972,
,,,,,,,,2,,,,,,,,,,,,,,,,,,,,,epoch,,,,,2.0,,,,,,,,,9,,,,,,1.5409,
,,,,,,,,2,,,,,,,,,,,,,,,,,,,,,epoch,,,,,3.0,,,,,,,,,9,,,,,,1.5734,
,,,,,,,,2,,,,,,,,,,,,,,,,,,,,,epoch,,,,,4.0,,,,,,,,,9,,,,,,1.5958,
,,,,,,,,2,,,,,,,,,,,,,,,,,,,,,epoch,,,,,5.0,,,,,,,,,9,,,,,,1.5776,
,,,,,,,,3,,,0.0,1.0,,,,,0.0006927150534465909,,,,,,,,,,,,local_update,,,0.0002,,,7.22235708963126e-05,,,,,,,,9,,,,,,1.3123863458633422,15.316924095153809
,,,,,,,,3,,,,,,,,,,,,,,,,,,,,,epoch,,,,,1.0,,,,,,,,,9,,,,,,1.3184,
,,,,,,,,3,,,,,,,,,,,,,,,,,,,,,epoch,,,,,2.0,,,,,,,,,9,,,,,,1.342,
,,,,,,,,3,,,,,,,,,,,,,,,,,,,,,epoch,,,,,3.0,,,,,,,,,9,,,,,,1.2559,
,,,,,,,,3,,,,,,,,,,,,,,,,,,,,,epoch,,,,,4.0,,,,,,,,,9,,,,,,1.3313,
,,,,,,,,3,,,,,,,,,,,,,,,,,,,,,epoch,,,,,5.0,,,,,,,,,9,,,,,,1.3143,
,,,,,,,,-1,2.019442334244559e-06,,0.0,,1.8930075174869143,,,,,0.001032855481760398,,,,,,,,,,,server_update,,,,,,,,,,,,,,9,,,,,,,15.316925048828125
,,,,,,,,0,,,0.0,0.9999999403953552,,,,,0.0010896507883444428,,,,,,,,,,,,local_update,,,0.0002,,,0.0001914406893774867,,,,,,,,10,,,,,,1.0535181164741516,15.316926002502441
,,,,,,,,0,,,,,,,,,,,,,,,,,,,,,epoch,,,,,1.0,,,,,,,,,10,,,,,,1.0845,
,,,,,,,,0,,,,,,,,,,,,,,,,,,,,,epoch,,,,,2.0,,,,,,,,,10,,,,,,1.084,
,,,,,,,,0,,,,,,,,,,,,,,,,,,,,,epoch,,,,,3.0,,,,,,,,,10,,,,,,0.991,
,,,,,,,,0,,,,,,,,,,,,,,,,,,,,,epoch,,,,,4.0,,,,,,,,,10,,,,,,1.0586,
,,,,,,,,0,,,,,,,,,,,,,,,,,,,,,epoch,,,,,5.0,,,,,,,,,10,,,,,,1.0495,
12.418016051981585,1.0,0.357429718875502,0.14285714285714285,0.07883817427385892,0.05907172995780591,249,152,0,,129,,,,1.0,0.0,4,,,,,,,,,,,,,evaluation,,,,0.0,,,79.5,trained_local,352.3978853225708,5.773181471240326,post_local,0.022099447513812154,0.46277342237708097,10,201,closed_qa,1.7532233100625414,0.6417910447761194,,,
,,,,,,,,1,,,0.0,0.9999999403953552,,,,,0.0007774886908009648,,,,,,,,,,,,local_update,,,0.0002,,,0.00015522736066486686,,,,,,,,10,,,,,,1.1069482088088989,15.316925048828125
,,,,,,,,1,,,,,,,,,,,,,,,,,,,,,epoch,,,,,1.0,,,,,,,,,10,,,,,,1.1318,
,,,,,,,,1,,,,,,,,,,,,,,,,,,,,,epoch,,,,,2.0,,,,,,,,,10,,,,,,1.1375,
,,,,,,,,1,,,,,,,,,,,,,,,,,,,,,epoch,,,,,3.0,,,,,,,,,10,,,,,,1.0632,
,,,,,,,,1,,,,,,,,,,,,,,,,,,,,,epoch,,,,,4.0,,,,,,,,,10,,,,,,1.0818,
,,,,,,,,1,,,,,,,,,,,,,,,,,,,,,epoch,,,,,5.0,,,,,,,,,10,,,,,,1.1204,
0.5013814639457449,0.05794413848749286,0.3954022988505747,0.09490740740740741,0.04895104895104895,0.03051643192488263,435,1674,1,,253,,,,1.0,0.0,3,,,,,,,,,,,,,evaluation,,,,0.0,,,183.66666666666666,trained_local,923.7011451721191,7.753294412447455,post_local,0.15681388158198348,0.24157427722302574,10,451,information_extraction,2.048117838519111,0.5609756097560976,,,
,,,,,,,,2,,,0.0,0.9999999403953552,,,,,0.0023742367047816515,,,,,,,,,,,,local_update,,,0.0002,,,0.00020047585712745786,,,,,,,,10,,,,,,1.6009381532669067,15.316927909851074
,,,,,,,,2,,,,,,,,,,,,,,,,,,,,,epoch,,,,,1.0,,,,,,,,,10,,,,,,1.5602,
,,,,,,,,2,,,,,,,,,,,,,,,,,,,,,epoch,,,,,2.0,,,,,,,,,10,,,,,,1.6594,
,,,,,,,,2,,,,,,,,,,,,,,,,,,,,,epoch,,,,,3.0,,,,,,,,,10,,,,,,1.5863,
,,,,,,,,2,,,,,,,,,,,,,,,,,,,,,epoch,,,,,4.0,,,,,,,,,10,,,,,,1.5939,
,,,,,,,,2,,,,,,,,,,,,,,,,,,,,,epoch,,,,,5.0,,,,,,,,,10,,,,,,1.6049,
3.950239706753899,1.0,0.128686327077748,0.06233062330623306,0.0273972602739726,0.0110803324099723,373,60,2,,79,,,,0.75,0.0,4,,,,,,,,,,,,,evaluation,,,,0.25,,,147.75,trained_local,121.25526428222656,3.139041779452573,post_local,0.1945364238410596,0.2804914538962047,10,106,classification,1.143917587568175,0.7452830188679245,,,
,,,,,,,,3,,,0.0,0.9999999403953552,,,,,0.0006859684363007545,,,,,,,,,,,,local_update,,,0.0002,,,6.650889554293826e-05,,,,,,,,10,,,,,,1.3097076892852784,15.316925048828125
,,,,,,,,3,,,,,,,,,,,,,,,,,,,,,epoch,,,,,1.0,,,,,,,,,10,,,,,,1.3405,
,,,,,,,,3,,,,,,,,,,,,,,,,,,,,,epoch,,,,,2.0,,,,,,,,,10,,,,,,1.3105,
,,,,,,,,3,,,,,,,,,,,,,,,,,,,,,epoch,,,,,3.0,,,,,,,,,10,,,,,,1.3227,
,,,,,,,,3,,,,,,,,,,,,,,,,,,,,,epoch,,,,,4.0,,,,,,,,,10,,,,,,1.2799,
,,,,,,,,3,,,,,,,,,,,,,,,,,,,,,epoch,,,,,5.0,,,,,,,,,10,,,,,,1.2949,
8.152036615993113,0.1502203333101924,0.717391304347826,0.5726872246696035,0.49107142857142855,0.4298642533936652,230,666,3,,469,,,,1.0,0.0,3,,,,,,,,,,,,,evaluation,,,,0.0,,,106.33333333333333,trained_local,386.96629524230957,2.0006817236509264,post_local,0.05601309259845847,0.4177974503377943,10,558,summarization,0.6934879843052143,0.8405017921146953,,,
,,,,,,,,-1,1.974845076802012e-06,,0.0,,1.8487446284683275,,,,,0.001033541817975006,,,,,,,,,,,server_update,,,,,,,,,,,,,,10,,,,,,,15.316926002502441
6.393739462781271,0.3742220343814833,0.3682983682983683,0.17989002356637862,0.12708498808578236,0.10120481927710843,1287,2552,-1,,930,,,,0.9285714285714286,0.0,14,,,,,,,,,,,,,evaluation,,,,0.07142857142857142,,,127.07142857142857,aggregated_global,1784.4531364440918,3.8805132620071525,post_aggregation,0.10750174342577234,0.3536553348411145,10,1316,all_test,1.3559674289088843,0.7066869300911854,,,
,,,,,,,,0,,,0.0,1.0,,,,,0.0012513336259871721,,,,,,,,,,,,local_update,,,0.0002,,,0.0002233675040770322,,,,,,,,11,,,,,,1.0400115370750427,15.316926956176758
,,,,,,,,0,,,,,,,,,,,,,,,,,,,,,epoch,,,,,1.0,,,,,,,,,11,,,,,,0.9891,
,,,,,,,,0,,,,,,,,,,,,,,,,,,,,,epoch,,,,,2.0,,,,,,,,,11,,,,,,1.0673,
,,,,,,,,0,,,,,,,,,,,,,,,,,,,,,epoch,,,,,3.0,,,,,,,,,11,,,,,,0.9749,
,,,,,,,,0,,,,,,,,,,,,,,,,,,,,,epoch,,,,,4.0,,,,,,,,,11,,,,,,1.0621,
,,,,,,,,0,,,,,,,,,,,,,,,,,,,,,epoch,,,,,5.0,,,,,,,,,11,,,,,,1.1066,
,,,,,,,,1,,,0.0,0.9999999403953552,,,,,0.0006616213941015303,,,,,,,,,,,,local_update,,,0.0002,,,0.00017216762353200465,,,,,,,,11,,,,,,1.270416760444641,15.316926956176758
,,,,,,,,1,,,,,,,,,,,,,,,,,,,,,epoch,,,,,1.0,,,,,,,,,11,,,,,,1.2746,
,,,,,,,,1,,,,,,,,,,,,,,,,,,,,,epoch,,,,,2.0,,,,,,,,,11,,,,,,1.3558,
,,,,,,,,1,,,,,,,,,,,,,,,,,,,,,epoch,,,,,3.0,,,,,,,,,11,,,,,,1.1289,
,,,,,,,,1,,,,,,,,,,,,,,,,,,,,,epoch,,,,,4.0,,,,,,,,,11,,,,,,1.262,
,,,,,,,,1,,,,,,,,,,,,,,,,,,,,,epoch,,,,,5.0,,,,,,,,,11,,,,,,1.3309,
,,,,,,,,2,,,0.0,1.0,,,,,0.0023240542504936457,,,,,,,,,,,,local_update,,,0.0002,,,0.000215441090404056,,,,,,,,11,,,,,,1.5775516271591186,15.31692886352539
,,,,,,,,2,,,,,,,,,,,,,,,,,,,,,epoch,,,,,1.0,,,,,,,,,11,,,,,,1.5835,
,,,,,,,,2,,,,,,,,,,,,,,,,,,,,,epoch,,,,,2.0,,,,,,,,,11,,,,,,1.6011,
,,,,,,,,2,,,,,,,,,,,,,,,,,,,,,epoch,,,,,3.0,,,,,,,,,11,,,,,,1.5197,
,,,,,,,,2,,,,,,,,,,,,,,,,,,,,,epoch,,,,,4.0,,,,,,,,,11,,,,,,1.6495,
,,,,,,,,2,,,,,,,,,,,,,,,,,,,,,epoch,,,,,5.0,,,,,,,,,11,,,,,,1.5339,
,,,,,,,,3,,,0.0,0.9999999403953552,,,,,0.0006903353496454656,,,,,,,,,,,,local_update,,,0.0002,,,7.110420847311616e-05,,,,,,,,11,,,,,,1.3073729515075683,15.316926956176758
,,,,,,,,3,,,,,,,,,,,,,,,,,,,,,epoch,,,,,1.0,,,,,,,,,11,,,,,,1.3365,
,,,,,,,,3,,,,,,,,,,,,,,,,,,,,,epoch,,,,,2.0,,,,,,,,,11,,,,,,1.3394,
,,,,,,,,3,,,,,,,,,,,,,,,,,,,,,epoch,,,,,3.0,,,,,,,,,11,,,,,,1.3563,
,,,,,,,,3,,,,,,,,,,,,,,,,,,,,,epoch,,,,,4.0,,,,,,,,,11,,,,,,1.2088,
,,,,,,,,3,,,,,,,,,,,,,,,,,,,,,epoch,,,,,5.0,,,,,,,,,11,,,,,,1.2959,
,,,,,,,,-1,1.9703424101180644e-06,,0.0,,1.854542275272588,,,,,0.0010307479596028618,,,,,,,,,,,server_update,,,,,,,,,,,,,,11,,,,,,,15.316926956176758
,,,,,,,,0,,,0.0,1.0,,,,,0.0011556927347555757,,,,,,,,,,,,local_update,,,0.0002,,,0.00018714257748797536,,,,,,,,12,,,,,,1.0407554864883424,15.31692886352539
,,,,,,,,0,,,,,,,,,,,,,,,,,,,,,epoch,,,,,1.0,,,,,,,,,12,,,,,,1.0377,
,,,,,,,,0,,,,,,,,,,,,,,,,,,,,,epoch,,,,,2.0,,,,,,,,,12,,,,,,1.0559,
,,,,,,,,0,,,,,,,,,,,,,,,,,,,,,epoch,,,,,3.0,,,,,,,,,12,,,,,,1.0173,
,,,,,,,,0,,,,,,,,,,,,,,,,,,,,,epoch,,,,,4.0,,,,,,,,,12,,,,,,1.0445,
,,,,,,,,0,,,,,,,,,,,,,,,,,,,,,epoch,,,,,5.0,,,,,,,,,12,,,,,,1.0484,
,,,,,,,,1,,,0.0,1.0,,,,,0.00063317985041067,,,,,,,,,,,,local_update,,,0.0002,,,0.00011127190373372287,,,,,,,,12,,,,,,1.1650246858596802,15.316927909851074
,,,,,,,,1,,,,,,,,,,,,,,,,,,,,,epoch,,,,,1.0,,,,,,,,,12,,,,,,1.0189,
,,,,,,,,1,,,,,,,,,,,,,,,,,,,,,epoch,,,,,2.0,,,,,,,,,12,,,,,,1.2151,
,,,,,,,,1,,,,,,,,,,,,,,,,,,,,,epoch,,,,,3.0,,,,,,,,,12,,,,,,1.2173,
,,,,,,,,1,,,,,,,,,,,,,,,,,,,,,epoch,,,,,4.0,,,,,,,,,12,,,,,,1.2217,
,,,,,,,,1,,,,,,,,,,,,,,,,,,,,,epoch,,,,,5.0,,,,,,,,,12,,,,,,1.1522,
,,,,,,,,2,,,0.0,1.0,,,,,0.0023123465944081545,,,,,,,,,,,,local_update,,,0.0002,,,0.00020416078041307628,,,,,,,,12,,,,,,1.5872274398803712,15.316930770874023
,,,,,,,,2,,,,,,,,,,,,,,,,,,,,,epoch,,,,,1.0,,,,,,,,,12,,,,,,1.5931,
,,,,,,,,2,,,,,,,,,,,,,,,,,,,,,epoch,,,,,2.0,,,,,,,,,12,,,,,,1.5785,
,,,,,,,,2,,,,,,,,,,,,,,,,,,,,,epoch,,,,,3.0,,,,,,,,,12,,,,,,1.5717,
,,,,,,,,2,,,,,,,,,,,,,,,,,,,,,epoch,,,,,4.0,,,,,,,,,12,,,,,,1.5466,
,,,,,,,,2,,,,,,,,,,,,,,,,,,,,,epoch,,,,,5.0,,,,,,,,,12,,,,,,1.6462,
,,,,,,,,3,,,0.0,1.0,,,,,0.0006851946236565709,,,,,,,,,,,,local_update,,,0.0002,,,8.192142558982596e-05,,,,,,,,12,,,,,,1.3513930797576905,15.316927909851074
,,,,,,,,3,,,,,,,,,,,,,,,,,,,,,epoch,,,,,1.0,,,,,,,,,12,,,,,,1.3313,
,,,,,,,,3,,,,,,,,,,,,,,,,,,,,,epoch,,,,,2.0,,,,,,,,,12,,,,,,1.3894,
,,,,,,,,3,,,,,,,,,,,,,,,,,,,,,epoch,,,,,3.0,,,,,,,,,12,,,,,,1.3675,
,,,,,,,,3,,,,,,,,,,,,,,,,,,,,,epoch,,,,,4.0,,,,,,,,,12,,,,,,1.3258,
,,,,,,,,3,,,,,,,,,,,,,,,,,,,,,epoch,,,,,5.0,,,,,,,,,12,,,,,,1.343,
,,,,,,,,-1,1.8882452081925294e-06,,0.0,,1.8926758264085632,,,,,0.0009988288501038187,,,,,,,,,,,server_update,,,,,,,,,,,,,,12,,,,,,,15.31692886352539
,,,,,,,,0,,,0.0,1.0,,,,,0.0011985168093815446,,,,,,,,,,,,local_update,,,0.0002,,,0.0001175861107185483,,,,,,,,13,,,,,,1.041586446762085,15.316930770874023
,,,,,,,,0,,,,,,,,,,,,,,,,,,,,,epoch,,,,,1.0,,,,,,,,,13,,,,,,1.011,
,,,,,,,,0,,,,,,,,,,,,,,,,,,,,,epoch,,,,,2.0,,,,,,,,,13,,,,,,0.9937,
,,,,,,,,0,,,,,,,,,,,,,,,,,,,,,epoch,,,,,3.0,,,,,,,,,13,,,,,,1.0241,
,,,,,,,,0,,,,,,,,,,,,,,,,,,,,,epoch,,,,,4.0,,,,,,,,,13,,,,,,1.1623,
,,,,,,,,0,,,,,,,,,,,,,,,,,,,,,epoch,,,,,5.0,,,,,,,,,13,,,,,,1.0168,
,,,,,,,,1,,,0.0,1.0,,,,,0.0006536191795021296,,,,,,,,,,,,local_update,,,0.0002,,,0.00011539141269167885,,,,,,,,13,,,,,,1.1610588788986207,15.316929817199707
,,,,,,,,1,,,,,,,,,,,,,,,,,,,,,epoch,,,,,1.0,,,,,,,,,13,,,,,,1.0684,
,,,,,,,,1,,,,,,,,,,,,,,,,,,,,,epoch,,,,,2.0,,,,,,,,,13,,,,,,1.2038,
,,,,,,,,1,,,,,,,,,,,,,,,,,,,,,epoch,,,,,3.0,,,,,,,,,13,,,,,,1.1211,
,,,,,,,,1,,,,,,,,,,,,,,,,,,,,,epoch,,,,,4.0,,,,,,,,,13,,,,,,1.2488,
,,,,,,,,1,,,,,,,,,,,,,,,,,,,,,epoch,,,,,5.0,,,,,,,,,13,,,,,,1.1632,
,,,,,,,,2,,,0.0,1.0,,,,,0.0023102236445993185,,,,,,,,,,,,local_update,,,0.0002,,,0.0001979154912987724,,,,,,,,13,,,,,,1.559263253211975,15.316932678222656
,,,,,,,,2,,,,,,,,,,,,,,,,,,,,,epoch,,,,,1.0,,,,,,,,,13,,,,,,1.5408,
,,,,,,,,2,,,,,,,,,,,,,,,,,,,,,epoch,,,,,2.0,,,,,,,,,13,,,,,,1.5828,
,,,,,,,,2,,,,,,,,,,,,,,,,,,,,,epoch,,,,,3.0,,,,,,,,,13,,,,,,1.537,
,,,,,,,,2,,,,,,,,,,,,,,,,,,,,,epoch,,,,,4.0,,,,,,,,,13,,,,,,1.5466,
,,,,,,,,2,,,,,,,,,,,,,,,,,,,,,epoch,,,,,5.0,,,,,,,,,13,,,,,,1.5892,
,,,,,,,,3,,,0.0,1.0,,,,,0.0007070039282552898,,,,,,,,,,,,local_update,,,0.0002,,,7.925400859676301e-05,,,,,,,,13,,,,,,1.2931290149688721,15.316929817199707
,,,,,,,,3,,,,,,,,,,,,,,,,,,,,,epoch,,,,,1.0,,,,,,,,,13,,,,,,1.3196,
,,,,,,,,3,,,,,,,,,,,,,,,,,,,,,epoch,,,,,2.0,,,,,,,,,13,,,,,,1.2987,
,,,,,,,,3,,,,,,,,,,,,,,,,,,,,,epoch,,,,,3.0,,,,,,,,,13,,,,,,1.2126,
,,,,,,,,3,,,,,,,,,,,,,,,,,,,,,epoch,,,,,4.0,,,,,,,,,13,,,,,,1.3357,
,,,,,,,,3,,,,,,,,,,,,,,,,,,,,,epoch,,,,,5.0,,,,,,,,,13,,,,,,1.299,
,,,,,,,,-1,1.9251621949933906e-06,,0.0,,1.8617595440719659,,,,,0.0010168850627161686,,,,,,,,,,,server_update,,,,,,,,,,,,,,13,,,,,,,15.316929817199707
,,,,,,,,0,,,0.0,1.0,,,,,0.0011308306129649282,,,,,,,,,,,,local_update,,,0.0002,,,0.000136232323711738,,,,,,,,14,,,,,,1.0251011848449707,15.316932678222656
,,,,,,,,0,,,,,,,,,,,,,,,,,,,,,epoch,,,,,1.0,,,,,,,,,14,,,,,,1.0263,
,,,,,,,,0,,,,,,,,,,,,,,,,,,,,,epoch,,,,,2.0,,,,,,,,,14,,,,,,1.04,
,,,,,,,,0,,,,,,,,,,,,,,,,,,,,,epoch,,,,,3.0,,,,,,,,,14,,,,,,1.0502,
,,,,,,,,0,,,,,,,,,,,,,,,,,,,,,epoch,,,,,4.0,,,,,,,,,14,,,,,,0.9834,
,,,,,,,,0,,,,,,,,,,,,,,,,,,,,,epoch,,,,,5.0,,,,,,,,,14,,,,,,1.0255,
,,,,,,,,1,,,0.0,1.0,,,,,0.0007525995024479926,,,,,,,,,,,,local_update,,,0.0002,,,0.00018435154925100505,,,,,,,,14,,,,,,1.2195453643798828,15.31693172454834
,,,,,,,,1,,,,,,,,,,,,,,,,,,,,,epoch,,,,,1.0,,,,,,,,,14,,,,,,1.1896,
,,,,,,,,1,,,,,,,,,,,,,,,,,,,,,epoch,,,,,2.0,,,,,,,,,14,,,,,,1.2958,
,,,,,,,,1,,,,,,,,,,,,,,,,,,,,,epoch,,,,,3.0,,,,,,,,,14,,,,,,1.1179,
,,,,,,,,1,,,,,,,,,,,,,,,,,,,,,epoch,,,,,4.0,,,,,,,,,14,,,,,,1.3341,
,,,,,,,,1,,,,,,,,,,,,,,,,,,,,,epoch,,,,,5.0,,,,,,,,,14,,,,,,1.1603,
,,,,,,,,2,,,0.0,1.0,,,,,0.002371991751715541,,,,,,,,,,,,local_update,,,0.0002,,,0.00020206857880111784,,,,,,,,14,,,,,,1.5764825820922852,15.316935539245605
,,,,,,,,2,,,,,,,,,,,,,,,,,,,,,epoch,,,,,1.0,,,,,,,,,14,,,,,,1.5947,
,,,,,,,,2,,,,,,,,,,,,,,,,,,,,,epoch,,,,,2.0,,,,,,,,,14,,,,,,1.514,
,,,,,,,,2,,,,,,,,,,,,,,,,,,,,,epoch,,,,,3.0,,,,,,,,,14,,,,,,1.6143,
,,,,,,,,2,,,,,,,,,,,,,,,,,,,,,epoch,,,,,4.0,,,,,,,,,14,,,,,,1.5525,
,,,,,,,,2,,,,,,,,,,,,,,,,,,,,,epoch,,,,,5.0,,,,,,,,,14,,,,,,1.6068,
,,,,,,,,3,,,0.0,1.0,,,,,0.0007030614069662988,,,,,,,,,,,,local_update,,,0.0002,,,6.653297896264121e-05,,,,,,,,14,,,,,,1.323829984664917,15.31693172454834
,,,,,,,,3,,,,,,,,,,,,,,,,,,,,,epoch,,,,,1.0,,,,,,,,,14,,,,,,1.4055,
,,,,,,,,3,,,,,,,,,,,,,,,,,,,,,epoch,,,,,2.0,,,,,,,,,14,,,,,,1.2993,
,,,,,,,,3,,,,,,,,,,,,,,,,,,,,,epoch,,,,,3.0,,,,,,,,,14,,,,,,1.2329,
,,,,,,,,3,,,,,,,,,,,,,,,,,,,,,epoch,,,,,4.0,,,,,,,,,14,,,,,,1.3433,
,,,,,,,,3,,,,,,,,,,,,,,,,,,,,,epoch,,,,,5.0,,,,,,,,,14,,,,,,1.3382,
,,,,,,,,-1,1.9914559032940815e-06,,0.0,,1.843598794279918,,,,,0.0010393268318768254,,,,,,,,,,,server_update,,,,,,,,,,,,,,14,,,,,,,15.316932678222656
,,,,,,,,0,,,0.0,1.0,,,,,0.0011568829650059342,,,,,,,,,,,,local_update,,,0.0002,,,0.00014417358033824712,,,,,,,,15,,,,,,1.1312624931335449,15.316934585571289
,,,,,,,,0,,,,,,,,,,,,,,,,,,,,,epoch,,,,,1.0,,,,,,,,,15,,,,,,1.1147,
,,,,,,,,0,,,,,,,,,,,,,,,,,,,,,epoch,,,,,2.0,,,,,,,,,15,,,,,,1.1607,
,,,,,,,,0,,,,,,,,,,,,,,,,,,,,,epoch,,,,,3.0,,,,,,,,,15,,,,,,1.1298,
,,,,,,,,0,,,,,,,,,,,,,,,,,,,,,epoch,,,,,4.0,,,,,,,,,15,,,,,,1.149,
,,,,,,,,0,,,,,,,,,,,,,,,,,,,,,epoch,,,,,5.0,,,,,,,,,15,,,,,,1.1021,
12.418016051981585,1.0,0.357429718875502,0.14285714285714285,0.07883817427385892,0.05907172995780591,249,152,0,,129,,,,1.0,0.0,4,,,,,,,,,,,,,evaluation,,,,0.0,,,79.5,trained_local,351.52681827545166,5.7482165596613894,post_local,0.022099447513812154,0.46277342237708097,15,201,closed_qa,1.7488896431614511,0.6417910447761194,,,
,,,,,,,,1,,,0.0,1.0,,,,,0.0007306627230718732,,,,,,,,,,,,local_update,,,0.0002,,,0.0001175359429907985,,,,,,,,15,,,,,,1.1417263507843018,15.316933631896973
,,,,,,,,1,,,,,,,,,,,,,,,,,,,,,epoch,,,,,1.0,,,,,,,,,15,,,,,,1.1002,
,,,,,,,,1,,,,,,,,,,,,,,,,,,,,,epoch,,,,,2.0,,,,,,,,,15,,,,,,1.0743,
,,,,,,,,1,,,,,,,,,,,,,,,,,,,,,epoch,,,,,3.0,,,,,,,,,15,,,,,,1.1118,
,,,,,,,,1,,,,,,,,,,,,,,,,,,,,,epoch,,,,,4.0,,,,,,,,,15,,,,,,1.2284,
,,,,,,,,1,,,,,,,,,,,,,,,,,,,,,epoch,,,,,5.0,,,,,,,,,15,,,,,,1.1939,
0.26172842718081213,0.024668030362420622,0.4859550561797753,0.12181303116147309,0.05714285714285714,0.037463976945244955,356,1674,1,,253,,,,1.0,0.0,3,,,,,,,,,,,,,evaluation,,,,0.0,,,144.33333333333334,trained_local,923.0987205505371,7.742944839632219,post_local,0.11206535400083788,0.24338727903602755,15,451,information_extraction,2.0467820854779095,0.5609756097560976,,,
,,,,,,,,2,,,0.0,1.0,,,,,0.0023360352497547865,,,,,,,,,,,,local_update,,,0.0002,,,0.00018589250976219773,,,,,,,,15,,,,,,1.5503170251846314,15.316936492919922
,,,,,,,,2,,,,,,,,,,,,,,,,,,,,,epoch,,,,,1.0,,,,,,,,,15,,,,,,1.5027,
,,,,,,,,2,,,,,,,,,,,,,,,,,,,,,epoch,,,,,2.0,,,,,,,,,15,,,,,,1.4868,
,,,,,,,,2,,,,,,,,,,,,,,,,,,,,,epoch,,,,,3.0,,,,,,,,,15,,,,,,1.5863,
,,,,,,,,2,,,,,,,,,,,,,,,,,,,,,epoch,,,,,4.0,,,,,,,,,15,,,,,,1.5888,
,,,,,,,,2,,,,,,,,,,,,,,,,,,,,,epoch,,,,,5.0,,,,,,,,,15,,,,,,1.587,
3.950239706753899,1.0,0.128686327077748,0.06233062330623306,0.0273972602739726,0.0110803324099723,373,60,2,,79,,,,0.75,0.0,4,,,,,,,,,,,,,evaluation,,,,0.25,,,147.75,trained_local,120.64761734008789,3.12109864375212,post_local,0.1945364238410596,0.2804914538962047,15,106,classification,1.1381850692461122,0.7452830188679245,,,
,,,,,,,,3,,,0.0,1.0,,,,,0.0007106034900061786,,,,,,,,,,,,local_update,,,0.0002,,,6.980798207223415e-05,,,,,,,,15,,,,,,1.3275382757186889,15.316933631896973
,,,,,,,,3,,,,,,,,,,,,,,,,,,,,,epoch,,,,,1.0,,,,,,,,,15,,,,,,1.3657,
,,,,,,,,3,,,,,,,,,,,,,,,,,,,,,epoch,,,,,2.0,,,,,,,,,15,,,,,,1.3744,
,,,,,,,,3,,,,,,,,,,,,,,,,,,,,,epoch,,,,,3.0,,,,,,,,,15,,,,,,1.3152,
,,,,,,,,3,,,,,,,,,,,,,,,,,,,,,epoch,,,,,4.0,,,,,,,,,15,,,,,,1.2637,
,,,,,,,,3,,,,,,,,,,,,,,,,,,,,,epoch,,,,,5.0,,,,,,,,,15,,,,,,1.3188,
8.152036615993113,0.1502203333101924,0.717391304347826,0.5726872246696035,0.49107142857142855,0.4298642533936652,230,666,3,,469,,,,1.0,0.0,3,,,,,,,,,,,,,evaluation,,,,0.0,,,106.33333333333333,trained_local,386.5830268859863,1.9993080055249954,post_local,0.05601309259845847,0.4177974503377943,15,558,summarization,0.6928011234515884,0.8405017921146953,,,
,,,,,,,,-1,1.9585659885024143e-06,,0.0,,1.845363299036257,,,,,0.0010302157016510122,,,,,,,,,,,server_update,,,,,,,,,,,,,,15,,,,,,,15.316934585571289
5.9967617863347105,0.3287088805602036,0.3932119205298013,0.1934673366834171,0.13474576271186442,0.10806174957118353,1208,2552,-1,,930,,,,0.9285714285714286,0.0,14,,,,,,,,,,,,,evaluation,,,,0.07142857142857142,,,118.64285714285714,aggregated_global,1781.9875221252441,3.87324966652494,post_aggregation,0.09791277322981258,0.35404383522961486,15,1316,all_test,1.354093861797298,0.7066869300911854,,,
,,,,,,,,0,,,0.0,1.0,,,,,0.001171072362922132,,,,,,,,,,,,local_update,,,0.0002,,,0.0001528498687548563,,,,,,,,16,,,,,,1.0512245893478394,15.316936492919922
,,,,,,,,0,,,,,,,,,,,,,,,,,,,,,epoch,,,,,1.0,,,,,,,,,16,,,,,,1.0359,
,,,,,,,,0,,,,,,,,,,,,,,,,,,,,,epoch,,,,,2.0,,,,,,,,,16,,,,,,1.0182,
,,,,,,,,0,,,,,,,,,,,,,,,,,,,,,epoch,,,,,3.0,,,,,,,,,16,,,,,,1.091,
,,,,,,,,0,,,,,,,,,,,,,,,,,,,,,epoch,,,,,4.0,,,,,,,,,16,,,,,,1.1543,
,,,,,,,,0,,,,,,,,,,,,,,,,,,,,,epoch,,,,,5.0,,,,,,,,,16,,,,,,0.9567,
,,,,,,,,1,,,0.0,1.0,,,,,0.0007198398816399276,,,,,,,,,,,,local_update,,,0.0002,,,0.00010998310608556494,,,,,,,,16,,,,,,1.1104174613952638,15.316935539245605
,,,,,,,,1,,,,,,,,,,,,,,,,,,,,,epoch,,,,,1.0,,,,,,,,,16,,,,,,1.1699,
,,,,,,,,1,,,,,,,,,,,,,,,,,,,,,epoch,,,,,2.0,,,,,,,,,16,,,,,,1.1046,
,,,,,,,,1,,,,,,,,,,,,,,,,,,,,,epoch,,,,,3.0,,,,,,,,,16,,,,,,1.1771,
,,,,,,,,1,,,,,,,,,,,,,,,,,,,,,epoch,,,,,4.0,,,,,,,,,16,,,,,,1.0236,
,,,,,,,,1,,,,,,,,,,,,,,,,,,,,,epoch,,,,,5.0,,,,,,,,,16,,,,,,1.0769,
,,,,,,,,2,,,0.0,1.0,,,,,0.0023750322870910168,,,,,,,,,,,,local_update,,,0.0002,,,0.0001685992901911959,,,,,,,,16,,,,,,1.5674759149551392,15.316939353942871
,,,,,,,,2,,,,,,,,,,,,,,,,,,,,,epoch,,,,,1.0,,,,,,,,,16,,,,,,1.5658,
,,,,,,,,2,,,,,,,,,,,,,,,,,,,,,epoch,,,,,2.0,,,,,,,,,16,,,,,,1.5673,
,,,,,,,,2,,,,,,,,,,,,,,,,,,,,,epoch,,,,,3.0,,,,,,,,,16,,,,,,1.6281,
,,,,,,,,2,,,,,,,,,,,,,,,,,,,,,epoch,,,,,4.0,,,,,,,,,16,,,,,,1.501,
,,,,,,,,2,,,,,,,,,,,,,,,,,,,,,epoch,,,,,5.0,,,,,,,,,16,,,,,,1.5751,
,,,,,,,,3,,,0.0,1.0,,,,,0.000719797913916409,,,,,,,,,,,,local_update,,,0.0002,,,8.188243373297155e-05,,,,,,,,16,,,,,,1.259782075881958,15.316935539245605
,,,,,,,,3,,,,,,,,,,,,,,,,,,,,,epoch,,,,,1.0,,,,,,,,,16,,,,,,1.2769,
,,,,,,,,3,,,,,,,,,,,,,,,,,,,,,epoch,,,,,2.0,,,,,,,,,16,,,,,,1.2072,
,,,,,,,,3,,,,,,,,,,,,,,,,,,,,,epoch,,,,,3.0,,,,,,,,,16,,,,,,1.2905,
,,,,,,,,3,,,,,,,,,,,,,,,,,,,,,epoch,,,,,4.0,,,,,,,,,16,,,,,,1.2443,
,,,,,,,,3,,,,,,,,,,,,,,,,,,,,,epoch,,,,,5.0,,,,,,,,,16,,,,,,1.2801,
,,,,,,,,-1,2.0121168375908383e-06,,0.0,,1.8376350703967097,,,,,0.0010463981480729118,,,,,,,,,,,server_update,,,,,,,,,,,,,,16,,,,,,,15.316936492919922
,,,,,,,,0,,,0.0,1.0,,,,,0.0011984826996922493,,,,,,,,,,,,local_update,,,0.0002,,,0.00016623300325591117,,,,,,,,17,,,,,,1.0637681007385253,15.316939353942871
,,,,,,,,0,,,,,,,,,,,,,,,,,,,,,epoch,,,,,1.0,,,,,,,,,17,,,,,,1.0197,
,,,,,,,,0,,,,,,,,,,,,,,,,,,,,,epoch,,,,,2.0,,,,,,,,,17,,,,,,1.0972,
,,,,,,,,0,,,,,,,,,,,,,,,,,,,,,epoch,,,,,3.0,,,,,,,,,17,,,,,,1.0865,
,,,,,,,,0,,,,,,,,,,,,,,,,,,,,,epoch,,,,,4.0,,,,,,,,,17,,,,,,1.0261,
,,,,,,,,0,,,,,,,,,,,,,,,,,,,,,epoch,,,,,5.0,,,,,,,,,17,,,,,,1.0893,
,,,,,,,,1,,,0.0,1.0,,,,,0.0007784981862641871,,,,,,,,,,,,local_update,,,0.0002,,,0.0001167232621810399,,,,,,,,17,,,,,,1.2112481355667115,15.316938400268555
,,,,,,,,1,,,,,,,,,,,,,,,,,,,,,epoch,,,,,1.0,,,,,,,,,17,,,,,,1.2133,
,,,,,,,,1,,,,,,,,,,,,,,,,,,,,,epoch,,,,,2.0,,,,,,,,,17,,,,,,1.1548,
,,,,,,,,1,,,,,,,,,,,,,,,,,,,,,epoch,,,,,3.0,,,,,,,,,17,,,,,,1.2389,
,,,,,,,,1,,,,,,,,,,,,,,,,,,,,,epoch,,,,,4.0,,,,,,,,,17,,,,,,1.2009,
,,,,,,,,1,,,,,,,,,,,,,,,,,,,,,epoch,,,,,5.0,,,,,,,,,17,,,,,,1.2483,
,,,,,,,,2,,,0.0,1.0,,,,,0.0024131769314408302,,,,,,,,,,,,local_update,,,0.0002,,,0.00016327042249031365,,,,,,,,17,,,,,,1.542930245399475,15.31694221496582
,,,,,,,,2,,,,,,,,,,,,,,,,,,,,,epoch,,,,,1.0,,,,,,,,,17,,,,,,1.5871,
,,,,,,,,2,,,,,,,,,,,,,,,,,,,,,epoch,,,,,2.0,,,,,,,,,17,,,,,,1.5276,
,,,,,,,,2,,,,,,,,,,,,,,,,,,,,,epoch,,,,,3.0,,,,,,,,,17,,,,,,1.5697,
,,,,,,,,2,,,,,,,,,,,,,,,,,,,,,epoch,,,,,4.0,,,,,,,,,17,,,,,,1.5216,
,,,,,,,,2,,,,,,,,,,,,,,,,,,,,,epoch,,,,,5.0,,,,,,,,,17,,,,,,1.5086,
,,,,,,,,3,,,0.0,0.9999999403953552,,,,,0.000685055332724005,,,,,,,,,,,,local_update,,,0.0002,,,8.718220487935469e-05,,,,,,,,17,,,,,,1.2926879167556762,15.316938400268555
,,,,,,,,3,,,,,,,,,,,,,,,,,,,,,epoch,,,,,1.0,,,,,,,,,17,,,,,,1.1332,
,,,,,,,,3,,,,,,,,,,,,,,,,,,,,,epoch,,,,,2.0,,,,,,,,,17,,,,,,1.3049,
,,,,,,,,3,,,,,,,,,,,,,,,,,,,,,epoch,,,,,3.0,,,,,,,,,17,,,,,,1.415,
,,,,,,,,3,,,,,,,,,,,,,,,,,,,,,epoch,,,,,4.0,,,,,,,,,17,,,,,,1.2544,
,,,,,,,,3,,,,,,,,,,,,,,,,,,,,,epoch,,,,,5.0,,,,,,,,,17,,,,,,1.3559,
,,,,,,,,-1,2.083786071693794e-06,,0.0,,1.8638218286225738,,,,,0.001057363631380757,,,,,,,,,,,server_update,,,,,,,,,,,,,,17,,,,,,,15.316939353942871
,,,,,,,,0,,,0.0,1.0,,,,,0.001177823869511485,,,,,,,,,,,,local_update,,,0.0002,,,0.00018930042278952897,,,,,,,,18,,,,,,1.0291790604591369,15.316941261291504
,,,,,,,,0,,,,,,,,,,,,,,,,,,,,,epoch,,,,,1.0,,,,,,,,,18,,,,,,1.0739,
,,,,,,,,0,,,,,,,,,,,,,,,,,,,,,epoch,,,,,2.0,,,,,,,,,18,,,,,,1.0344,
,,,,,,,,0,,,,,,,,,,,,,,,,,,,,,epoch,,,,,3.0,,,,,,,,,18,,,,,,1.0475,
,,,,,,,,0,,,,,,,,,,,,,,,,,,,,,epoch,,,,,4.0,,,,,,,,,18,,,,,,1.0336,
,,,,,,,,0,,,,,,,,,,,,,,,,,,,,,epoch,,,,,5.0,,,,,,,,,18,,,,,,0.9565,
,,,,,,,,1,,,0.0,1.0,,,,,0.0007032539579086006,,,,,,,,,,,,local_update,,,0.0002,,,0.0001184387001558207,,,,,,,,18,,,,,,1.1532305479049683,15.316940307617188
,,,,,,,,1,,,,,,,,,,,,,,,,,,,,,epoch,,,,,1.0,,,,,,,,,18,,,,,,1.1375,
,,,,,,,,1,,,,,,,,,,,,,,,,,,,,,epoch,,,,,2.0,,,,,,,,,18,,,,,,1.1394,
,,,,,,,,1,,,,,,,,,,,,,,,,,,,,,epoch,,,,,3.0,,,,,,,,,18,,,,,,1.241,
,,,,,,,,1,,,,,,,,,,,,,,,,,,,,,epoch,,,,,4.0,,,,,,,,,18,,,,,,1.1603,
,,,,,,,,1,,,,,,,,,,,,,,,,,,,,,epoch,,,,,5.0,,,,,,,,,18,,,,,,1.0879,
,,,,,,,,2,,,0.0,1.0,,,,,0.0024580955505371094,,,,,,,,,,,,local_update,,,0.0002,,,0.00021894861129112542,,,,,,,,18,,,,,,1.5839504957199098,15.31694507598877
,,,,,,,,2,,,,,,,,,,,,,,,,,,,,,epoch,,,,,1.0,,,,,,,,,18,,,,,,1.516,
,,,,,,,,2,,,,,,,,,,,,,,,,,,,,,epoch,,,,,2.0,,,,,,,,,18,,,,,,1.5718,
,,,,,,,,2,,,,,,,,,,,,,,,,,,,,,epoch,,,,,3.0,,,,,,,,,18,,,,,,1.5843,
,,,,,,,,2,,,,,,,,,,,,,,,,,,,,,epoch,,,,,4.0,,,,,,,,,18,,,,,,1.5079,
,,,,,,,,2,,,,,,,,,,,,,,,,,,,,,epoch,,,,,5.0,,,,,,,,,18,,,,,,1.7397,
,,,,,,,,3,,,0.0,1.0,,,,,0.0007082282681949437,,,,,,,,,,,,local_update,,,0.0002,,,8.30637727631256e-05,,,,,,,,18,,,,,,1.285456085205078,15.316940307617188
,,,,,,,,3,,,,,,,,,,,,,,,,,,,,,epoch,,,,,1.0,,,,,,,,,18,,,,,,1.238,
,,,,,,,,3,,,,,,,,,,,,,,,,,,,,,epoch,,,,,2.0,,,,,,,,,18,,,,,,1.2483,
,,,,,,,,3,,,,,,,,,,,,,,,,,,,,,epoch,,,,,3.0,,,,,,,,,18,,,,,,1.3223,
,,,,,,,,3,,,,,,,,,,,,,,,,,,,,,epoch,,,,,4.0,,,,,,,,,18,,,,,,1.2874,
,,,,,,,,3,,,,,,,,,,,,,,,,,,,,,epoch,,,,,5.0,,,,,,,,,18,,,,,,1.3313,
,,,,,,,,-1,2.1064139872351006e-06,,0.0,,1.8633305216420613,,,,,0.001063229250711558,,,,,,,,,,,server_update,,,,,,,,,,,,,,18,,,,,,,15.31694221496582
,,,,,,,,0,,,0.0,0.9999998807907104,,,,,0.0012505409540608525,,,,,,,,,,,,local_update,,,0.0002,,,0.00014202082820702344,,,,,,,,19,,,,,,1.00789635181427,15.31694507598877
,,,,,,,,0,,,,,,,,,,,,,,,,,,,,,epoch,,,,,1.0,,,,,,,,,19,,,,,,0.9991,
,,,,,,,,0,,,,,,,,,,,,,,,,,,,,,epoch,,,,,2.0,,,,,,,,,19,,,,,,0.955,
,,,,,,,,0,,,,,,,,,,,,,,,,,,,,,epoch,,,,,3.0,,,,,,,,,19,,,,,,1.0217,
,,,,,,,,0,,,,,,,,,,,,,,,,,,,,,epoch,,,,,4.0,,,,,,,,,19,,,,,,1.05,
,,,,,,,,0,,,,,,,,,,,,,,,,,,,,,epoch,,,,,5.0,,,,,,,,,19,,,,,,1.0137,
,,,,,,,,1,,,0.0,1.0,,,,,0.0006944054621271789,,,,,,,,,,,,local_update,,,0.0002,,,8.505339064868167e-05,,,,,,,,19,,,,,,1.08928542137146,15.316943168640137
,,,,,,,,1,,,,,,,,,,,,,,,,,,,,,epoch,,,,,1.0,,,,,,,,,19,,,,,,1.1278,
,,,,,,,,1,,,,,,,,,,,,,,,,,,,,,epoch,,,,,2.0,,,,,,,,,19,,,,,,1.1007,
,,,,,,,,1,,,,,,,,,,,,,,,,,,,,,epoch,,,,,3.0,,,,,,,,,19,,,,,,1.0839,
,,,,,,,,1,,,,,,,,,,,,,,,,,,,,,epoch,,,,,4.0,,,,,,,,,19,,,,,,1.0854,
,,,,,,,,1,,,,,,,,,,,,,,,,,,,,,epoch,,,,,5.0,,,,,,,,,19,,,,,,1.0486,
,,,,,,,,2,,,0.0,0.9999998807907104,,,,,0.002316099591553211,,,,,,,,,,,,local_update,,,0.0002,,,0.0003133364371024072,,,,,,,,19,,,,,,1.5859999656677246,15.316947937011719
,,,,,,,,2,,,,,,,,,,,,,,,,,,,,,epoch,,,,,1.0,,,,,,,,,19,,,,,,1.6554,
,,,,,,,,2,,,,,,,,,,,,,,,,,,,,,epoch,,,,,2.0,,,,,,,,,19,,,,,,1.5655,
,,,,,,,,2,,,,,,,,,,,,,,,,,,,,,epoch,,,,,3.0,,,,,,,,,19,,,,,,1.609,
,,,,,,,,2,,,,,,,,,,,,,,,,,,,,,epoch,,,,,4.0,,,,,,,,,19,,,,,,1.5411,
,,,,,,,,2,,,,,,,,,,,,,,,,,,,,,epoch,,,,,5.0,,,,,,,,,19,,,,,,1.5589,
,,,,,,,,3,,,0.0,1.0,,,,,0.0007123389514163136,,,,,,,,,,,,local_update,,,0.0002,,,6.81263700244017e-05,,,,,,,,19,,,,,,1.3162523746490478,15.316943168640137
,,,,,,,,3,,,,,,,,,,,,,,,,,,,,,epoch,,,,,1.0,,,,,,,,,19,,,,,,1.338,
,,,,,,,,3,,,,,,,,,,,,,,,,,,,,,epoch,,,,,2.0,,,,,,,,,19,,,,,,1.3371,
,,,,,,,,3,,,,,,,,,,,,,,,,,,,,,epoch,,,,,3.0,,,,,,,,,19,,,,,,1.2047,
,,,,,,,,3,,,,,,,,,,,,,,,,,,,,,epoch,,,,,4.0,,,,,,,,,19,,,,,,1.3728,
,,,,,,,,3,,,,,,,,,,,,,,,,,,,,,epoch,,,,,5.0,,,,,,,,,19,,,,,,1.3287,
,,,,,,,,-1,1.979448867928113e-06,,0.0,,1.8186636296445005,,,,,0.0010432681597473488,,,,,,,,,,,server_update,,,,,,,,,,,,,,19,,,,,,,15.31694507598877
,,,,,,,,0,,,0.0,0.9999998807907104,,,,,0.0011943420395255089,,,,,,,,,,,,local_update,,,0.0002,,,0.00014201000158209354,,,,,,,,20,,,,,,1.0074251413345336,15.316947937011719
,,,,,,,,0,,,,,,,,,,,,,,,,,,,,,epoch,,,,,1.0,,,,,,,,,20,,,,,,0.9592,
,,,,,,,,0,,,,,,,,,,,,,,,,,,,,,epoch,,,,,2.0,,,,,,,,,20,,,,,,0.9897,
,,,,,,,,0,,,,,,,,,,,,,,,,,,,,,epoch,,,,,3.0,,,,,,,,,20,,,,,,0.9757,
,,,,,,,,0,,,,,,,,,,,,,,,,,,,,,epoch,,,,,4.0,,,,,,,,,20,,,,,,1.1588,
,,,,,,,,0,,,,,,,,,,,,,,,,,,,,,epoch,,,,,5.0,,,,,,,,,20,,,,,,0.9536,
12.418016051981585,1.0,0.357429718875502,0.14285714285714285,0.07883817427385892,0.05907172995780591,249,152,0,,129,,,,1.0,0.0,4,,,,,,,,,,,,,evaluation,,,,0.0,,,79.5,trained_local,350.6018133163452,5.721823958578107,post_local,0.022099447513812154,0.46277342237708097,20,201,closed_qa,1.7442876284395283,0.6417910447761194,,,
,,,,,,,,1,,,0.0,0.9999999403953552,,,,,0.0007530406001023948,,,,,,,,,,,,local_update,,,0.0002,,,0.00011366361286491156,,,,,,,,20,,,,,,1.1485386610031127,15.316946029663086
,,,,,,,,1,,,,,,,,,,,,,,,,,,,,,epoch,,,,,1.0,,,,,,,,,20,,,,,,1.1481,
,,,,,,,,1,,,,,,,,,,,,,,,,,,,,,epoch,,,,,2.0,,,,,,,,,20,,,,,,1.1335,
,,,,,,,,1,,,,,,,,,,,,,,,,,,,,,epoch,,,,,3.0,,,,,,,,,20,,,,,,1.1683,
,,,,,,,,1,,,,,,,,,,,,,,,,,,,,,epoch,,,,,4.0,,,,,,,,,20,,,,,,1.0505,
,,,,,,,,1,,,,,,,,,,,,,,,,,,,,,epoch,,,,,5.0,,,,,,,,,20,,,,,,1.2423,
0.26172842718081213,0.024668030362420622,0.4859550561797753,0.12181303116147309,0.05714285714285714,0.037463976945244955,356,1674,1,,253,,,,1.0,0.0,3,,,,,,,,,,,,,evaluation,,,,0.0,,,144.33333333333334,trained_local,922.4613456726074,7.732009866544445,post_local,0.11206535400083788,0.24338727903602755,20,451,information_extraction,2.045368837411546,0.5609756097560976,,,
,,,,,,,,2,,,0.0,0.9999998807907104,,,,,0.0022809929214417934,,,,,,,,,,,,local_update,,,0.0002,,,0.0002743889344856143,,,,,,,,20,,,,,,1.558294987678528,15.316950798034668
,,,,,,,,2,,,,,,,,,,,,,,,,,,,,,epoch,,,,,1.0,,,,,,,,,20,,,,,,1.509,
,,,,,,,,2,,,,,,,,,,,,,,,,,,,,,epoch,,,,,2.0,,,,,,,,,20,,,,,,1.5322,
,,,,,,,,2,,,,,,,,,,,,,,,,,,,,,epoch,,,,,3.0,,,,,,,,,20,,,,,,1.6638,
,,,,,,,,2,,,,,,,,,,,,,,,,,,,,,epoch,,,,,4.0,,,,,,,,,20,,,,,,1.5596,
,,,,,,,,2,,,,,,,,,,,,,,,,,,,,,epoch,,,,,5.0,,,,,,,,,20,,,,,,1.527,
3.950239706753899,1.0,0.128686327077748,0.06233062330623306,0.0273972602739726,0.0110803324099723,373,60,2,,80,,,,0.75,0.0,4,,,,,,,,,,,,,evaluation,,,,0.25,,,147.75,trained_local,120.03835487365723,3.103210777386454,post_local,0.1945364238410596,0.2804914538962047,20,106,classification,1.1324373101288419,0.7547169811320755,,,
,,,,,,,,3,,,0.0,0.9999999403953552,,,,,0.0007091182633303106,,,,,,,,,,,,local_update,,,0.0002,,,6.992940325289965e-05,,,,,,,,20,,,,,,1.2848706483840941,15.316946029663086
,,,,,,,,3,,,,,,,,,,,,,,,,,,,,,epoch,,,,,1.0,,,,,,,,,20,,,,,,1.2289,
,,,,,,,,3,,,,,,,,,,,,,,,,,,,,,epoch,,,,,2.0,,,,,,,,,20,,,,,,1.3202,
,,,,,,,,3,,,,,,,,,,,,,,,,,,,,,epoch,,,,,3.0,,,,,,,,,20,,,,,,1.3058,
,,,,,,,,3,,,,,,,,,,,,,,,,,,,,,epoch,,,,,4.0,,,,,,,,,20,,,,,,1.2217,
,,,,,,,,3,,,,,,,,,,,,,,,,,,,,,epoch,,,,,5.0,,,,,,,,,20,,,,,,1.3478,
8.152036615993113,0.1502203333101924,0.717391304347826,0.5726872246696035,0.49107142857142855,0.4298642533936652,230,666,3,,469,,,,1.0,0.0,3,,,,,,,,,,,,,evaluation,,,,0.0,,,106.33333333333333,trained_local,386.1883850097656,1.9978945078245034,post_local,0.05601309259845847,0.4177974503377943,20,558,summarization,0.6920938799458165,0.8405017921146953,,,
,,,,,,,,-1,1.9248251845738196e-06,,0.0,,1.789160233586028,,,,,0.0010372203472218148,,,,,,,,,,,server_update,,,,,,,,,,,,,,20,,,,,,,15.316947937011719
5.9967617863347105,0.3287088805602036,0.3932119205298013,0.1934673366834171,0.13474576271186442,0.10806174957118353,1208,2552,-1,,931,,,,0.9285714285714286,0.0,14,,,,,,,,,,,,,evaluation,,,,0.07142857142857142,,,118.64285714285714,aggregated_global,1779.4238138198853,3.865711508180066,post_aggregation,0.09791277322981258,0.35404383522961486,20,1316,all_test,1.3521457551822835,0.7074468085106383,,,
,,,,,,,,0,,,0.0,0.9999999403953552,,,,,0.0011964862933382392,,,,,,,,,,,,local_update,,,0.0002,,,0.0001379978348268196,,,,,,,,21,,,,,,1.0334033250808716,15.316950798034668
,,,,,,,,0,,,,,,,,,,,,,,,,,,,,,epoch,,,,,1.0,,,,,,,,,21,,,,,,1.1092,
,,,,,,,,0,,,,,,,,,,,,,,,,,,,,,epoch,,,,,2.0,,,,,,,,,21,,,,,,1.0074,
,,,,,,,,0,,,,,,,,,,,,,,,,,,,,,epoch,,,,,3.0,,,,,,,,,21,,,,,,1.0044,
,,,,,,,,0,,,,,,,,,,,,,,,,,,,,,epoch,,,,,4.0,,,,,,,,,21,,,,,,1.0252,
,,,,,,,,0,,,,,,,,,,,,,,,,,,,,,epoch,,,,,5.0,,,,,,,,,21,,,,,,1.0209,
,,,,,,,,1,,,0.0,0.9999999403953552,,,,,0.0007805750938132405,,,,,,,,,,,,local_update,,,0.0002,,,9.20110396691598e-05,,,,,,,,21,,,,,,1.1280816316604614,15.316949844360352
,,,,,,,,1,,,,,,,,,,,,,,,,,,,,,epoch,,,,,1.0,,,,,,,,,21,,,,,,1.1603,
,,,,,,,,1,,,,,,,,,,,,,,,,,,,,,epoch,,,,,2.0,,,,,,,,,21,,,,,,1.1105,
,,,,,,,,1,,,,,,,,,,,,,,,,,,,,,epoch,,,,,3.0,,,,,,,,,21,,,,,,1.0826,
,,,,,,,,1,,,,,,,,,,,,,,,,,,,,,epoch,,,,,4.0,,,,,,,,,21,,,,,,1.1643,
,,,,,,,,1,,,,,,,,,,,,,,,,,,,,,epoch,,,,,5.0,,,,,,,,,21,,,,,,1.1227,
,,,,,,,,2,,,0.0,0.9999999403953552,,,,,0.002465240191668272,,,,,,,,,,,,local_update,,,0.0002,,,0.0002844515547621995,,,,,,,,21,,,,,,1.5492631196975708,15.316954612731934
,,,,,,,,2,,,,,,,,,,,,,,,,,,,,,epoch,,,,,1.0,,,,,,,,,21,,,,,,1.6223,
,,,,,,,,2,,,,,,,,,,,,,,,,,,,,,epoch,,,,,2.0,,,,,,,,,21,,,,,,1.5204,
,,,,,,,,2,,,,,,,,,,,,,,,,,,,,,epoch,,,,,3.0,,,,,,,,,21,,,,,,1.4899,
,,,,,,,,2,,,,,,,,,,,,,,,,,,,,,epoch,,,,,4.0,,,,,,,,,21,,,,,,1.5356,
,,,,,,,,2,,,,,,,,,,,,,,,,,,,,,epoch,,,,,5.0,,,,,,,,,21,,,,,,1.5781,
,,,,,,,,3,,,0.0,0.9999999403953552,,,,,0.0007152403704822063,,,,,,,,,,,,local_update,,,0.0002,,,7.372128311544657e-05,,,,,,,,21,,,,,,1.3139464139938355,15.316948890686035
,,,,,,,,3,,,,,,,,,,,,,,,,,,,,,epoch,,,,,1.0,,,,,,,,,21,,,,,,1.2752,
,,,,,,,,3,,,,,,,,,,,,,,,,,,,,,epoch,,,,,2.0,,,,,,,,,21,,,,,,1.3106,
,,,,,,,,3,,,,,,,,,,,,,,,,,,,,,epoch,,,,,3.0,,,,,,,,,21,,,,,,1.3214,
,,,,,,,,3,,,,,,,,,,,,,,,,,,,,,epoch,,,,,4.0,,,,,,,,,21,,,,,,1.3445,
,,,,,,,,3,,,,,,,,,,,,,,,,,,,,,epoch,,,,,5.0,,,,,,,,,21,,,,,,1.318,
,,,,,,,,-1,2.157463725893649e-06,,0.0,,1.8334396352569138,,,,,0.001084771941816719,,,,,,,,,,,server_update,,,,,,,,,,,,,,21,,,,,,,15.316950798034668
,,,,,,,,0,,,0.0,0.9999999403953552,,,,,0.0011966244783252478,,,,,,,,,,,,local_update,,,0.0002,,,0.00014536826347466558,,,,,,,,22,,,,,,1.0055119872093201,15.316953659057617
,,,,,,,,0,,,,,,,,,,,,,,,,,,,,,epoch,,,,,1.0,,,,,,,,,22,,,,,,1.066,
,,,,,,,,0,,,,,,,,,,,,,,,,,,,,,epoch,,,,,2.0,,,,,,,,,22,,,,,,0.9972,
,,,,,,,,0,,,,,,,,,,,,,,,,,,,,,epoch,,,,,3.0,,,,,,,,,22,,,,,,1.0253,
,,,,,,,,0,,,,,,,,,,,,,,,,,,,,,epoch,,,,,4.0,,,,,,,,,22,,,,,,0.9907,
,,,,,,,,0,,,,,,,,,,,,,,,,,,,,,epoch,,,,,5.0,,,,,,,,,22,,,,,,0.9483,
,,,,,,,,1,,,0.0,0.9999999403953552,,,,,0.0008187410421669483,,,,,,,,,,,,local_update,,,0.0002,,,0.00010705013846745715,,,,,,,,22,,,,,,1.2169973373413085,15.3169527053833
,,,,,,,,1,,,,,,,,,,,,,,,,,,,,,epoch,,,,,1.0,,,,,,,,,22,,,,,,1.089,
,,,,,,,,1,,,,,,,,,,,,,,,,,,,,,epoch,,,,,2.0,,,,,,,,,22,,,,,,1.2465,
,,,,,,,,1,,,,,,,,,,,,,,,,,,,,,epoch,,,,,3.0,,,,,,,,,22,,,,,,1.2962,
,,,,,,,,1,,,,,,,,,,,,,,,,,,,,,epoch,,,,,4.0,,,,,,,,,22,,,,,,1.2824,
,,,,,,,,1,,,,,,,,,,,,,,,,,,,,,epoch,,,,,5.0,,,,,,,,,22,,,,,,1.1709,
,,,,,,,,2,,,0.0,0.9999998807907104,,,,,0.002243142342194915,,,,,,,,,,,,local_update,,,0.0002,,,0.00032118416856974363,,,,,,,,22,,,,,,1.5302887439727784,15.316957473754883
,,,,,,,,2,,,,,,,,,,,,,,,,,,,,,epoch,,,,,1.0,,,,,,,,,22,,,,,,1.5247,
,,,,,,,,2,,,,,,,,,,,,,,,,,,,,,epoch,,,,,2.0,,,,,,,,,22,,,,,,1.5645,
,,,,,,,,2,,,,,,,,,,,,,,,,,,,,,epoch,,,,,3.0,,,,,,,,,22,,,,,,1.5013,
,,,,,,,,2,,,,,,,,,,,,,,,,,,,,,epoch,,,,,4.0,,,,,,,,,22,,,,,,1.5041,
,,,,,,,,2,,,,,,,,,,,,,,,,,,,,,epoch,,,,,5.0,,,,,,,,,22,,,,,,1.5569,
,,,,,,,,3,,,0.0,0.9999999403953552,,,,,0.0007161468965932727,,,,,,,,,,,,local_update,,,0.0002,,,6.88445579726249e-05,,,,,,,,22,,,,,,1.2867107629776,15.316951751708984
,,,,,,,,3,,,,,,,,,,,,,,,,,,,,,epoch,,,,,1.0,,,,,,,,,22,,,,,,1.2596,
,,,,,,,,3,,,,,,,,,,,,,,,,,,,,,epoch,,,,,2.0,,,,,,,,,22,,,,,,1.2293,
,,,,,,,,3,,,,,,,,,,,,,,,,,,,,,epoch,,,,,3.0,,,,,,,,,22,,,,,,1.329,
,,,,,,,,3,,,,,,,,,,,,,,,,,,,,,epoch,,,,,4.0,,,,,,,,,22,,,,,,1.2866,
,,,,,,,,3,,,,,,,,,,,,,,,,,,,,,epoch,,,,,5.0,,,,,,,,,22,,,,,,1.3291,
,,,,,,,,-1,1.9117002523216797e-06,,0.0,,1.7735426263186216,,,,,0.0010382192648297533,,,,,,,,,,,server_update,,,,,,,,,,,,,,22,,,,,,,15.316953659057617
,,,,,,,,0,,,0.0,1.0,,,,,0.0011948100291192532,,,,,,,,,,,,local_update,,,0.0002,,,0.00013918052718508989,,,,,,,,23,,,,,,1.007745134830475,15.316956520080566
,,,,,,,,0,,,,,,,,,,,,,,,,,,,,,epoch,,,,,1.0,,,,,,,,,23,,,,,,1.0373,
,,,,,,,,0,,,,,,,,,,,,,,,,,,,,,epoch,,,,,2.0,,,,,,,,,23,,,,,,0.9618,
,,,,,,,,0,,,,,,,,,,,,,,,,,,,,,epoch,,,,,3.0,,,,,,,,,23,,,,,,0.9906,
,,,,,,,,0,,,,,,,,,,,,,,,,,,,,,epoch,,,,,4.0,,,,,,,,,23,,,,,,1.0563,
,,,,,,,,0,,,,,,,,,,,,,,,,,,,,,epoch,,,,,5.0,,,,,,,,,23,,,,,,0.9928,
,,,,,,,,1,,,0.0,1.0,,,,,0.0006615118472836912,,,,,,,,,,,,local_update,,,0.0002,,,0.00020099135872442275,,,,,,,,23,,,,,,1.1548557043075562,15.31695556640625
,,,,,,,,1,,,,,,,,,,,,,,,,,,,,,epoch,,,,,1.0,,,,,,,,,23,,,,,,1.076,
,,,,,,,,1,,,,,,,,,,,,,,,,,,,,,epoch,,,,,2.0,,,,,,,,,23,,,,,,1.2302,
,,,,,,,,1,,,,,,,,,,,,,,,,,,,,,epoch,,,,,3.0,,,,,,,,,23,,,,,,1.1552,
,,,,,,,,1,,,,,,,,,,,,,,,,,,,,,epoch,,,,,4.0,,,,,,,,,23,,,,,,1.0685,
,,,,,,,,1,,,,,,,,,,,,,,,,,,,,,epoch,,,,,5.0,,,,,,,,,23,,,,,,1.2444,
,,,,,,,,2,,,0.0,1.0,,,,,0.0024235351011157036,,,,,,,,,,,,local_update,,,0.0002,,,0.0002860408276319504,,,,,,,,23,,,,,,1.582467222213745,15.316961288452148
,,,,,,,,2,,,,,,,,,,,,,,,,,,,,,epoch,,,,,1.0,,,,,,,,,23,,,,,,1.5521,
,,,,,,,,2,,,,,,,,,,,,,,,,,,,,,epoch,,,,,2.0,,,,,,,,,23,,,,,,1.6193,
,,,,,,,,2,,,,,,,,,,,,,,,,,,,,,epoch,,,,,3.0,,,,,,,,,23,,,,,,1.6095,
,,,,,,,,2,,,,,,,,,,,,,,,,,,,,,epoch,,,,,4.0,,,,,,,,,23,,,,,,1.5899,
,,,,,,,,2,,,,,,,,,,,,,,,,,,,,,epoch,,,,,5.0,,,,,,,,,23,,,,,,1.5414,
,,,,,,,,3,,,0.0,1.0,,,,,0.0007386212819255888,,,,,,,,,,,,local_update,,,0.0002,,,7.900727359810844e-05,,,,,,,,23,,,,,,1.268833613395691,15.31695556640625
,,,,,,,,3,,,,,,,,,,,,,,,,,,,,,epoch,,,,,1.0,,,,,,,,,23,,,,,,1.2365,
,,,,,,,,3,,,,,,,,,,,,,,,,,,,,,epoch,,,,,2.0,,,,,,,,,23,,,,,,1.2026,
,,,,,,,,3,,,,,,,,,,,,,,,,,,,,,epoch,,,,,3.0,,,,,,,,,23,,,,,,1.3167,
,,,,,,,,3,,,,,,,,,,,,,,,,,,,,,epoch,,,,,4.0,,,,,,,,,23,,,,,,1.2958,
,,,,,,,,3,,,,,,,,,,,,,,,,,,,,,epoch,,,,,5.0,,,,,,,,,23,,,,,,1.2926,
,,,,,,,,-1,2.07106315741612e-06,,0.0,,1.8582999925636436,,,,,0.001055695715303654,,,,,,,,,,,server_update,,,,,,,,,,,,,,23,,,,,,,15.316957473754883
,,,,,,,,0,,,0.0,0.9999998807907104,,,,,0.001151416334323585,,,,,,,,,,,,local_update,,,0.0002,,,0.00014647231728304178,,,,,,,,24,,,,,,1.0230891942977904,15.316960334777832
,,,,,,,,0,,,,,,,,,,,,,,,,,,,,,epoch,,,,,1.0,,,,,,,,,24,,,,,,0.9726,
,,,,,,,,0,,,,,,,,,,,,,,,,,,,,,epoch,,,,,2.0,,,,,,,,,24,,,,,,1.0339,
,,,,,,,,0,,,,,,,,,,,,,,,,,,,,,epoch,,,,,3.0,,,,,,,,,24,,,,,,1.0349,
,,,,,,,,0,,,,,,,,,,,,,,,,,,,,,epoch,,,,,4.0,,,,,,,,,24,,,,,,1.0432,
,,,,,,,,0,,,,,,,,,,,,,,,,,,,,,epoch,,,,,5.0,,,,,,,,,24,,,,,,1.0308,
,,,,,,,,1,,,0.0,0.9999998807907104,,,,,0.0007911200518719852,,,,,,,,,,,,local_update,,,0.0002,,,0.00017217398271895945,,,,,,,,24,,,,,,1.0764663219451904,15.316959381103516
,,,,,,,,1,,,,,,,,,,,,,,,,,,,,,epoch,,,,,1.0,,,,,,,,,24,,,,,,1.1127,
,,,,,,,,1,,,,,,,,,,,,,,,,,,,,,epoch,,,,,2.0,,,,,,,,,24,,,,,,1.1325,
,,,,,,,,1,,,,,,,,,,,,,,,,,,,,,epoch,,,,,3.0,,,,,,,,,24,,,,,,1.0195,
,,,,,,,,1,,,,,,,,,,,,,,,,,,,,,epoch,,,,,4.0,,,,,,,,,24,,,,,,1.0053,
,,,,,,,,1,,,,,,,,,,,,,,,,,,,,,epoch,,,,,5.0,,,,,,,,,24,,,,,,1.1124,
,,,,,,,,2,,,0.0,0.9999998807907104,,,,,0.002442826284095645,,,,,,,,,,,,local_update,,,0.0002,,,0.00018944029579870403,,,,,,,,24,,,,,,1.5791117906570435,15.316965103149414
,,,,,,,,2,,,,,,,,,,,,,,,,,,,,,epoch,,,,,1.0,,,,,,,,,24,,,,,,1.5345,
,,,,,,,,2,,,,,,,,,,,,,,,,,,,,,epoch,,,,,2.0,,,,,,,,,24,,,,,,1.6384,
,,,,,,,,2,,,,,,,,,,,,,,,,,,,,,epoch,,,,,3.0,,,,,,,,,24,,,,,,1.5742,
,,,,,,,,2,,,,,,,,,,,,,,,,,,,,,epoch,,,,,4.0,,,,,,,,,24,,,,,,1.587,
,,,,,,,,2,,,,,,,,,,,,,,,,,,,,,epoch,,,,,5.0,,,,,,,,,24,,,,,,1.5614,
,,,,,,,,3,,,0.0,0.9999998807907104,,,,,0.0007278186385519803,,,,,,,,,,,,local_update,,,0.0002,,,7.19068557373248e-05,,,,,,,,24,,,,,,1.302078366279602,15.316959381103516
,,,,,,,,3,,,,,,,,,,,,,,,,,,,,,epoch,,,,,1.0,,,,,,,,,24,,,,,,1.3546,
,,,,,,,,3,,,,,,,,,,,,,,,,,,,,,epoch,,,,,2.0,,,,,,,,,24,,,,,,1.292,
,,,,,,,,3,,,,,,,,,,,,,,,,,,,,,epoch,,,,,3.0,,,,,,,,,24,,,,,,1.2721,
,,,,,,,,3,,,,,,,,,,,,,,,,,,,,,epoch,,,,,4.0,,,,,,,,,24,,,,,,1.317,
,,,,,,,,3,,,,,,,,,,,,,,,,,,,,,epoch,,,,,5.0,,,,,,,,,24,,,,,,1.2747,
,,,,,,,,-1,2.112187658553921e-06,,0.0,,1.8244450633729306,,,,,0.001075971715543291,,,,,,,,,,,server_update,,,,,,,,,,,,,,24,,,,,,,15.316960334777832
,,,,,,,,0,,,0.0,1.0,,,,,0.0012584239011630416,,,,,,,,,,,,local_update,,,0.0002,,,0.00016686285380274057,,,,,,,,25,,,,,,1.0582730054855347,15.316963195800781
,,,,,,,,0,,,,,,,,,,,,,,,,,,,,,epoch,,,,,1.0,,,,,,,,,25,,,,,,1.0321,
,,,,,,,,0,,,,,,,,,,,,,,,,,,,,,epoch,,,,,2.0,,,,,,,,,25,,,,,,1.0154,
,,,,,,,,0,,,,,,,,,,,,,,,,,,,,,epoch,,,,,3.0,,,,,,,,,25,,,,,,1.0064,
,,,,,,,,0,,,,,,,,,,,,,,,,,,,,,epoch,,,,,4.0,,,,,,,,,25,,,,,,1.1629,
,,,,,,,,0,,,,,,,,,,,,,,,,,,,,,epoch,,,,,5.0,,,,,,,,,25,,,,,,1.0746,
12.418016051981585,1.0,0.357429718875502,0.14285714285714285,0.07883817427385892,0.05907172995780591,249,152,0,,129,,,,1.0,0.0,4,,,,,,,,,,,,,evaluation,,,,0.0,,,79.5,trained_local,349.6548957824707,5.694931654906141,post_local,0.022099447513812154,0.46277342237708097,25,201,closed_qa,1.73957659593269,0.6417910447761194,,,
,,,,,,,,1,,,0.0,1.0,,,,,0.0007706043543294072,,,,,,,,,,,,local_update,,,0.0002,,,8.848528523230925e-05,,,,,,,,25,,,,,,1.144736361503601,15.316962242126465
,,,,,,,,1,,,,,,,,,,,,,,,,,,,,,epoch,,,,,1.0,,,,,,,,,25,,,,,,1.2934,
,,,,,,,,1,,,,,,,,,,,,,,,,,,,,,epoch,,,,,2.0,,,,,,,,,25,,,,,,1.2044,
,,,,,,,,1,,,,,,,,,,,,,,,,,,,,,epoch,,,,,3.0,,,,,,,,,25,,,,,,0.9787,
,,,,,,,,1,,,,,,,,,,,,,,,,,,,,,epoch,,,,,4.0,,,,,,,,,25,,,,,,1.063,
,,,,,,,,1,,,,,,,,,,,,,,,,,,,,,epoch,,,,,5.0,,,,,,,,,25,,,,,,1.1842,
0.4044494928484762,0.0405171413681574,0.44221105527638194,0.11645569620253164,0.05357142857142857,0.03598971722365039,398,1674,1,,253,,,,1.0,0.0,3,,,,,,,,,,,,,evaluation,,,,0.0,,,166.0,trained_local,921.8032112121582,7.720734941863515,post_local,0.09737766074171605,0.2416023615884595,25,451,information_extraction,2.043909559228732,0.5609756097560976,,,
,,,,,,,,2,,,0.0,1.0,,,,,0.002422118792310357,,,,,,,,,,,,local_update,,,0.0002,,,0.0001977696520043537,,,,,,,,25,,,,,,1.5525986671447753,15.31696891784668
,,,,,,,,2,,,,,,,,,,,,,,,,,,,,,epoch,,,,,1.0,,,,,,,,,25,,,,,,1.6117,
,,,,,,,,2,,,,,,,,,,,,,,,,,,,,,epoch,,,,,2.0,,,,,,,,,25,,,,,,1.5257,
,,,,,,,,2,,,,,,,,,,,,,,,,,,,,,epoch,,,,,3.0,,,,,,,,,25,,,,,,1.5635,
,,,,,,,,2,,,,,,,,,,,,,,,,,,,,,epoch,,,,,4.0,,,,,,,,,25,,,,,,1.5069,
,,,,,,,,2,,,,,,,,,,,,,,,,,,,,,epoch,,,,,5.0,,,,,,,,,25,,,,,,1.5552,
4.028635771835113,1.0,0.13333333333333333,0.06158357771260997,0.026706231454005934,0.012012012012012012,345,60,2,,80,,,,0.75,0.0,4,,,,,,,,,,,,,evaluation,,,,0.25,,,147.75,trained_local,119.39228439331055,3.084354217420366,post_local,0.1760948905109489,0.2701385149515121,25,106,classification,1.1263423055972692,0.7547169811320755,,,
,,,,,,,,3,,,0.0,1.0,,,,,0.0007193293422460556,,,,,,,,,,,,local_update,,,0.0002,,,8.054164936766028e-05,,,,,,,,25,,,,,,1.2995152950286866,15.316962242126465
,,,,,,,,3,,,,,,,,,,,,,,,,,,,,,epoch,,,,,1.0,,,,,,,,,25,,,,,,1.2772,
,,,,,,,,3,,,,,,,,,,,,,,,,,,,,,epoch,,,,,2.0,,,,,,,,,25,,,,,,1.3824,
,,,,,,,,3,,,,,,,,,,,,,,,,,,,,,epoch,,,,,3.0,,,,,,,,,25,,,,,,1.2578,
,,,,,,,,3,,,,,,,,,,,,,,,,,,,,,epoch,,,,,4.0,,,,,,,,,25,,,,,,1.3489,
,,,,,,,,3,,,,,,,,,,,,,,,,,,,,,epoch,,,,,5.0,,,,,,,,,25,,,,,,1.2313,
8.152036615993113,0.1502203333101924,0.717391304347826,0.5726872246696035,0.49107142857142855,0.4298642533936652,230,666,3,,469,,,,1.0,0.0,3,,,,,,,,,,,,,evaluation,,,,0.0,,,106.33333333333333,trained_local,385.78811836242676,1.9964618845512982,post_local,0.05601309259845847,0.4177974503377943,25,558,summarization,0.6913765562050659,0.8405017921146953,,,
,,,,,,,,-1,2.1403890571036754e-06,,0.0,,1.8227966326345275,,,,,0.0010836205991012022,,,,,,,,,,,server_update,,,,,,,,,,,,,,25,,,,,,,15.316965103149414
6.09383269919333,0.33676170505780983,0.3895253682487725,0.19205298013245034,0.13316582914572864,0.10762711864406779,1222,2552,-1,,931,,,,0.9285714285714286,0.0,14,,,,,,,,,,,,,evaluation,,,,0.07142857142857142,,,123.28571428571429,aggregated_global,1776.777723312378,3.857946503900672,post_aggregation,0.08949640086568342,0.3507033703637953,25,1316,all_test,1.3501350481097096,0.7074468085106383,,,
,,,,,,,,0,,,0.0,0.9999998807907104,,,,,0.001193242147564888,,,,,,,,,,,,local_update,,,0.0002,,,0.00020864313410129398,,,,,,,,26,,,,,,1.0378461003303527,15.316967964172363
,,,,,,,,0,,,,,,,,,,,,,,,,,,,,,epoch,,,,,1.0,,,,,,,,,26,,,,,,1.0267,
,,,,,,,,0,,,,,,,,,,,,,,,,,,,,,epoch,,,,,2.0,,,,,,,,,26,,,,,,0.9954,
,,,,,,,,0,,,,,,,,,,,,,,,,,,,,,epoch,,,,,3.0,,,,,,,,,26,,,,,,0.971,
,,,,,,,,0,,,,,,,,,,,,,,,,,,,,,epoch,,,,,4.0,,,,,,,,,26,,,,,,1.0479,
,,,,,,,,0,,,,,,,,,,,,,,,,,,,,,epoch,,,,,5.0,,,,,,,,,26,,,,,,1.1482,
,,,,,,,,1,,,0.0,0.9999998807907104,,,,,0.0008902604458853602,,,,,,,,,,,,local_update,,,0.0002,,,0.00016262391000054777,,,,,,,,26,,,,,,1.0950079917907716,15.316967010498047
,,,,,,,,1,,,,,,,,,,,,,,,,,,,,,epoch,,,,,1.0,,,,,,,,,26,,,,,,1.0367,
,,,,,,,,1,,,,,,,,,,,,,,,,,,,,,epoch,,,,,2.0,,,,,,,,,26,,,,,,0.986,
,,,,,,,,1,,,,,,,,,,,,,,,,,,,,,epoch,,,,,3.0,,,,,,,,,26,,,,,,1.2598,
,,,,,,,,1,,,,,,,,,,,,,,,,,,,,,epoch,,,,,4.0,,,,,,,,,26,,,,,,1.0424,
,,,,,,,,1,,,,,,,,,,,,,,,,,,,,,epoch,,,,,5.0,,,,,,,,,26,,,,,,1.1501,
,,,,,,,,2,,,0.0,1.0,,,,,0.0024634820874780416,,,,,,,,,,,,local_update,,,0.0002,,,0.0002222153707407415,,,,,,,,26,,,,,,1.5548974514007567,15.316972732543945
,,,,,,,,2,,,,,,,,,,,,,,,,,,,,,epoch,,,,,1.0,,,,,,,,,26,,,,,,1.5153,
,,,,,,,,2,,,,,,,,,,,,,,,,,,,,,epoch,,,,,2.0,,,,,,,,,26,,,,,,1.544,
,,,,,,,,2,,,,,,,,,,,,,,,,,,,,,epoch,,,,,3.0,,,,,,,,,26,,,,,,1.6195,
,,,,,,,,2,,,,,,,,,,,,,,,,,,,,,epoch,,,,,4.0,,,,,,,,,26,,,,,,1.5562,
,,,,,,,,2,,,,,,,,,,,,,,,,,,,,,epoch,,,,,5.0,,,,,,,,,26,,,,,,1.5395,
,,,,,,,,3,,,0.0,0.9999998807907104,,,,,0.0007340174051932991,,,,,,,,,,,,local_update,,,0.0002,,,8.329172851517797e-05,,,,,,,,26,,,,,,1.3138479709625244,15.316967010498047
,,,,,,,,3,,,,,,,,,,,,,,,,,,,,,epoch,,,,,1.0,,,,,,,,,26,,,,,,1.2438,
,,,,,,,,3,,,,,,,,,,,,,,,,,,,,,epoch,,,,,2.0,,,,,,,,,26,,,,,,1.3371,
,,,,,,,,3,,,,,,,,,,,,,,,,,,,,,epoch,,,,,3.0,,,,,,,,,26,,,,,,1.3881,
,,,,,,,,3,,,,,,,,,,,,,,,,,,,,,epoch,,,,,4.0,,,,,,,,,26,,,,,,1.2883,
,,,,,,,,3,,,,,,,,,,,,,,,,,,,,,epoch,,,,,5.0,,,,,,,,,26,,,,,,1.312,
,,,,,,,,-1,2.205978915981177e-06,,0.0,,1.7649464271697026,,,,,0.0011179822668130211,,,,,,,,,,,server_update,,,,,,,,,,,,,,26,,,,,,,15.31696891784668
,,,,,,,,0,,,0.0,1.0,,,,,0.0011787178227677941,,,,,,,,,,,,local_update,,,0.0002,,,0.00014730379916727543,,,,,,,,27,,,,,,1.056792676448822,15.316971778869629
,,,,,,,,0,,,,,,,,,,,,,,,,,,,,,epoch,,,,,1.0,,,,,,,,,27,,,,,,1.1204,
,,,,,,,,0,,,,,,,,,,,,,,,,,,,,,epoch,,,,,2.0,,,,,,,,,27,,,,,,1.0347,
,,,,,,,,0,,,,,,,,,,,,,,,,,,,,,epoch,,,,,3.0,,,,,,,,,27,,,,,,0.9762,
,,,,,,,,0,,,,,,,,,,,,,,,,,,,,,epoch,,,,,4.0,,,,,,,,,27,,,,,,1.0493,
,,,,,,,,0,,,,,,,,,,,,,,,,,,,,,epoch,,,,,5.0,,,,,,,,,27,,,,,,1.1034,
,,,,,,,,1,,,0.0,0.9999999403953552,,,,,0.0007348728249780834,,,,,,,,,,,,local_update,,,0.0002,,,0.0001890985295176506,,,,,,,,27,,,,,,1.1512514352798462,15.316970825195312
,,,,,,,,1,,,,,,,,,,,,,,,,,,,,,epoch,,,,,1.0,,,,,,,,,27,,,,,,1.1483,
,,,,,,,,1,,,,,,,,,,,,,,,,,,,,,epoch,,,,,2.0,,,,,,,,,27,,,,,,1.1033,
,,,,,,,,1,,,,,,,,,,,,,,,,,,,,,epoch,,,,,3.0,,,,,,,,,27,,,,,,1.1847,
,,,,,,,,1,,,,,,,,,,,,,,,,,,,,,epoch,,,,,4.0,,,,,,,,,27,,,,,,1.1512,
,,,,,,,,1,,,,,,,,,,,,,,,,,,,,,epoch,,,,,5.0,,,,,,,,,27,,,,,,1.1687,
,,,,,,,,2,,,0.0,0.9999999403953552,,,,,0.0024597167503088713,,,,,,,,,,,,local_update,,,0.0002,,,0.00018906152399722487,,,,,,,,27,,,,,,1.5703667879104615,15.316977500915527
,,,,,,,,2,,,,,,,,,,,,,,,,,,,,,epoch,,,,,1.0,,,,,,,,,27,,,,,,1.5536,
,,,,,,,,2,,,,,,,,,,,,,,,,,,,,,epoch,,,,,2.0,,,,,,,,,27,,,,,,1.5813,
,,,,,,,,2,,,,,,,,,,,,,,,,,,,,,epoch,,,,,3.0,,,,,,,,,27,,,,,,1.6348,
,,,,,,,,2,,,,,,,,,,,,,,,,,,,,,epoch,,,,,4.0,,,,,,,,,27,,,,,,1.5204,
,,,,,,,,2,,,,,,,,,,,,,,,,,,,,,epoch,,,,,5.0,,,,,,,,,27,,,,,,1.5617,
,,,,,,,,3,,,0.0,0.9999999403953552,,,,,0.0007320955046452582,,,,,,,,,,,,local_update,,,0.0002,,,6.853114609839395e-05,,,,,,,,27,,,,,,1.2988035202026367,15.316970825195312
,,,,,,,,3,,,,,,,,,,,,,,,,,,,,,epoch,,,,,1.0,,,,,,,,,27,,,,,,1.2439,
,,,,,,,,3,,,,,,,,,,,,,,,,,,,,,epoch,,,,,2.0,,,,,,,,,27,,,,,,1.3123,
,,,,,,,,3,,,,,,,,,,,,,,,,,,,,,epoch,,,,,3.0,,,,,,,,,27,,,,,,1.2288,
,,,,,,,,3,,,,,,,,,,,,,,,,,,,,,epoch,,,,,4.0,,,,,,,,,27,,,,,,1.3578,
,,,,,,,,3,,,,,,,,,,,,,,,,,,,,,epoch,,,,,5.0,,,,,,,,,27,,,,,,1.3512,
,,,,,,,,-1,2.128895914665918e-06,,0.0,,1.8255176452398514,,,,,0.0010799016300309667,,,,,,,,,,,server_update,,,,,,,,,,,,,,27,,,,,,,15.316971778869629
,,,,,,,,0,,,0.0,1.0,,,,,0.00115875038318336,,,,,,,,,,,,local_update,,,0.0002,,,0.00013359800504986197,,,,,,,,28,,,,,,1.0329240322113038,15.316976547241211
,,,,,,,,0,,,,,,,,,,,,,,,,,,,,,epoch,,,,,1.0,,,,,,,,,28,,,,,,1.0613,
,,,,,,,,0,,,,,,,,,,,,,,,,,,,,,epoch,,,,,2.0,,,,,,,,,28,,,,,,1.0143,
,,,,,,,,0,,,,,,,,,,,,,,,,,,,,,epoch,,,,,3.0,,,,,,,,,28,,,,,,1.0151,
,,,,,,,,0,,,,,,,,,,,,,,,,,,,,,epoch,,,,,4.0,,,,,,,,,28,,,,,,1.0544,
,,,,,,,,0,,,,,,,,,,,,,,,,,,,,,epoch,,,,,5.0,,,,,,,,,28,,,,,,1.0196,
,,,,,,,,1,,,0.0,1.0,,,,,0.0007472799043171108,,,,,,,,,,,,local_update,,,0.0002,,,0.00010074584861285985,,,,,,,,28,,,,,,1.0967383861541748,15.316974639892578
,,,,,,,,1,,,,,,,,,,,,,,,,,,,,,epoch,,,,,1.0,,,,,,,,,28,,,,,,1.0792,
,,,,,,,,1,,,,,,,,,,,,,,,,,,,,,epoch,,,,,2.0,,,,,,,,,28,,,,,,1.0406,
,,,,,,,,1,,,,,,,,,,,,,,,,,,,,,epoch,,,,,3.0,,,,,,,,,28,,,,,,1.0931,
,,,,,,,,1,,,,,,,,,,,,,,,,,,,,,epoch,,,,,4.0,,,,,,,,,28,,,,,,1.2147,
,,,,,,,,1,,,,,,,,,,,,,,,,,,,,,epoch,,,,,5.0,,,,,,,,,28,,,,,,1.0561,
,,,,,,,,2,,,0.0,1.0,,,,,0.0024562161415815353,,,,,,,,,,,,local_update,,,0.0002,,,0.00020230667723808438,,,,,,,,28,,,,,,1.5382331132888794,15.316981315612793
,,,,,,,,2,,,,,,,,,,,,,,,,,,,,,epoch,,,,,1.0,,,,,,,,,28,,,,,,1.5455,
,,,,,,,,2,,,,,,,,,,,,,,,,,,,,,epoch,,,,,2.0,,,,,,,,,28,,,,,,1.5342,
,,,,,,,,2,,,,,,,,,,,,,,,,,,,,,epoch,,,,,3.0,,,,,,,,,28,,,,,,1.6546,
,,,,,,,,2,,,,,,,,,,,,,,,,,,,,,epoch,,,,,4.0,,,,,,,,,28,,,,,,1.5177,
,,,,,,,,2,,,,,,,,,,,,,,,,,,,,,epoch,,,,,5.0,,,,,,,,,28,,,,,,1.4393,
,,,,,,,,3,,,0.0,1.0,,,,,0.0007356266141869128,,,,,,,,,,,,local_update,,,0.0002,,,7.403657218674198e-05,,,,,,,,28,,,,,,1.3009137392044068,15.316974639892578
,,,,,,,,3,,,,,,,,,,,,,,,,,,,,,epoch,,,,,1.0,,,,,,,,,28,,,,,,1.3066,
,,,,,,,,3,,,,,,,,,,,,,,,,,,,,,epoch,,,,,2.0,,,,,,,,,28,,,,,,1.3178,
,,,,,,,,3,,,,,,,,,,,,,,,,,,,,,epoch,,,,,3.0,,,,,,,,,28,,,,,,1.2692,
,,,,,,,,3,,,,,,,,,,,,,,,,,,,,,epoch,,,,,4.0,,,,,,,,,28,,,,,,1.3271,
,,,,,,,,3,,,,,,,,,,,,,,,,,,,,,epoch,,,,,5.0,,,,,,,,,28,,,,,,1.2839,
,,,,,,,,-1,2.118818571261727e-06,,0.0,,1.825708673037515,,,,,0.0010772863227673521,,,,,,,,,,,server_update,,,,,,,,,,,,,,28,,,,,,,15.316976547241211
,,,,,,,,0,,,0.0,0.9999999403953552,,,,,0.0012833045329898596,,,,,,,,,,,,local_update,,,0.0002,,,0.00020438511273823678,,,,,,,,29,,,,,,1.0122054100036622,15.316981315612793
,,,,,,,,0,,,,,,,,,,,,,,,,,,,,,epoch,,,,,1.0,,,,,,,,,29,,,,,,1.0579,
,,,,,,,,0,,,,,,,,,,,,,,,,,,,,,epoch,,,,,2.0,,,,,,,,,29,,,,,,0.9632,
,,,,,,,,0,,,,,,,,,,,,,,,,,,,,,epoch,,,,,3.0,,,,,,,,,29,,,,,,0.9686,
,,,,,,,,0,,,,,,,,,,,,,,,,,,,,,epoch,,,,,4.0,,,,,,,,,29,,,,,,0.9918,
,,,,,,,,0,,,,,,,,,,,,,,,,,,,,,epoch,,,,,5.0,,,,,,,,,29,,,,,,1.0796,
,,,,,,,,1,,,0.0,0.9999999403953552,,,,,0.0008147128974087536,,,,,,,,,,,,local_update,,,0.0002,,,0.0001265012106159702,,,,,,,,29,,,,,,1.1084181308746337,15.31697940826416
,,,,,,,,1,,,,,,,,,,,,,,,,,,,,,epoch,,,,,1.0,,,,,,,,,29,,,,,,1.1415,
,,,,,,,,1,,,,,,,,,,,,,,,,,,,,,epoch,,,,,2.0,,,,,,,,,29,,,,,,1.1304,
,,,,,,,,1,,,,,,,,,,,,,,,,,,,,,epoch,,,,,3.0,,,,,,,,,29,,,,,,1.0465,
,,,,,,,,1,,,,,,,,,,,,,,,,,,,,,epoch,,,,,4.0,,,,,,,,,29,,,,,,1.1013,
,,,,,,,,1,,,,,,,,,,,,,,,,,,,,,epoch,,,,,5.0,,,,,,,,,29,,,,,,1.1224,
,,,,,,,,2,,,0.0,1.0,,,,,0.0024109689984470606,,,,,,,,,,,,local_update,,,0.0002,,,0.0002485614677425474,,,,,,,,29,,,,,,1.5410536050796508,15.316985130310059
,,,,,,,,2,,,,,,,,,,,,,,,,,,,,,epoch,,,,,1.0,,,,,,,,,29,,,,,,1.5028,
,,,,,,,,2,,,,,,,,,,,,,,,,,,,,,epoch,,,,,2.0,,,,,,,,,29,,,,,,1.5269,
,,,,,,,,2,,,,,,,,,,,,,,,,,,,,,epoch,,,,,3.0,,,,,,,,,29,,,,,,1.5604,
,,,,,,,,2,,,,,,,,,,,,,,,,,,,,,epoch,,,,,4.0,,,,,,,,,29,,,,,,1.5902,
,,,,,,,,2,,,,,,,,,,,,,,,,,,,,,epoch,,,,,5.0,,,,,,,,,29,,,,,,1.525,
,,,,,,,,3,,,0.0,1.0,,,,,0.0007024870719760656,,,,,,,,,,,,local_update,,,0.0002,,,8.024182898225263e-05,,,,,,,,29,,,,,,1.326854395866394,15.316978454589844
,,,,,,,,3,,,,,,,,,,,,,,,,,,,,,epoch,,,,,1.0,,,,,,,,,29,,,,,,1.3184,
,,,,,,,,3,,,,,,,,,,,,,,,,,,,,,epoch,,,,,2.0,,,,,,,,,29,,,,,,1.3263,
,,,,,,,,3,,,,,,,,,,,,,,,,,,,,,epoch,,,,,3.0,,,,,,,,,29,,,,,,1.3777,
,,,,,,,,3,,,,,,,,,,,,,,,,,,,,,epoch,,,,,4.0,,,,,,,,,29,,,,,,1.2716,
,,,,,,,,3,,,,,,,,,,,,,,,,,,,,,epoch,,,,,5.0,,,,,,,,,29,,,,,,1.3402,
,,,,,,,,-1,2.1542217183423418e-06,,0.0,,1.8006489254634557,,,,,0.00109378176038274,,,,,,,,,,,server_update,,,,,,,,,,,,,,29,,,,,,,15.316980361938477
,,,,,,,,0,,,0.0,1.0,,,,,0.0012685451656579971,,,,,,,,,,,,local_update,,,0.0002,,,0.000217506181797944,,,,,,,,30,,,,,,1.0724900484085083,15.316985130310059
,,,,,,,,0,,,,,,,,,,,,,,,,,,,,,epoch,,,,,1.0,,,,,,,,,30,,,,,,1.0633,
,,,,,,,,0,,,,,,,,,,,,,,,,,,,,,epoch,,,,,2.0,,,,,,,,,30,,,,,,1.0475,
,,,,,,,,0,,,,,,,,,,,,,,,,,,,,,epoch,,,,,3.0,,,,,,,,,30,,,,,,1.0312,
,,,,,,,,0,,,,,,,,,,,,,,,,,,,,,epoch,,,,,4.0,,,,,,,,,30,,,,,,1.118,
,,,,,,,,0,,,,,,,,,,,,,,,,,,,,,epoch,,,,,5.0,,,,,,,,,30,,,,,,1.1025,
12.418016051981585,1.0,0.357429718875502,0.14285714285714285,0.07883817427385892,0.05907172995780591,249,152,0,,129,,,,1.0,0.0,4,,,4,16.654793589548866,17.170220321558677,-18.498547278129326,2252800,LoRA A/B completion-token mean NLL; SLQ Ritz estimates; Hutchinson trace; all test examples,201,1.030947650551085,-35.53013300895691,136.51730215416234,evaluation,2,20,,0.0,,,79.5,trained_local,348.6507215499878,5.666551344604042,post_local,0.022099447513812154,0.46277342237708097,30,201,closed_qa,1.734580704228795,0.6417910447761194,4,,
,,,,,,,,1,,,0.0,1.0,,,,,0.00069966702722013,,,,,,,,,,,,local_update,,,0.0002,,,0.000175410823430866,,,,,,,,30,,,,,,1.1013541221618652,15.316983222961426
,,,,,,,,1,,,,,,,,,,,,,,,,,,,,,epoch,,,,,1.0,,,,,,,,,30,,,,,,1.1455,
,,,,,,,,1,,,,,,,,,,,,,,,,,,,,,epoch,,,,,2.0,,,,,,,,,30,,,,,,1.0207,
,,,,,,,,1,,,,,,,,,,,,,,,,,,,,,epoch,,,,,3.0,,,,,,,,,30,,,,,,1.1834,
,,,,,,,,1,,,,,,,,,,,,,,,,,,,,,epoch,,,,,4.0,,,,,,,,,30,,,,,,1.0343,
,,,,,,,,1,,,,,,,,,,,,,,,,,,,,,epoch,,,,,5.0,,,,,,,,,30,,,,,,1.1229,
0.30418695719796096,0.029112566315963876,0.43089430894308944,0.12295081967213115,0.05785123966942149,0.03888888888888889,369,1674,1,,253,,,,1.0,0.0,3,,,3,7.50326883492589,7.72015984625433,-7.782835084699375,2252800,LoRA A/B completion-token mean NLL; SLQ Ritz estimates; Hutchinson trace; all test examples,451,1.0289062028963785,31.168988704681396,75.67316273118682,evaluation,2,20,,0.0,,,154.33333333333334,trained_local,921.1204605102539,7.709055675386536,post_local,0.08580311105333853,0.23933721154641452,30,451,information_extraction,2.042395699579277,0.5609756097560976,4,,
,,,,,,,,2,,,0.0,1.0,,,,,0.0024765310809016228,,,,,,,,,,,,local_update,,,0.0002,,,0.00022944583906792104,,,,,,,,30,,,,,,1.5596379280090331,15.316990852355957
,,,,,,,,2,,,,,,,,,,,,,,,,,,,,,epoch,,,,,1.0,,,,,,,,,30,,,,,,1.623,
,,,,,,,,2,,,,,,,,,,,,,,,,,,,,,epoch,,,,,2.0,,,,,,,,,30,,,,,,1.5325,
,,,,,,,,2,,,,,,,,,,,,,,,,,,,,,epoch,,,,,3.0,,,,,,,,,30,,,,,,1.6416,
,,,,,,,,2,,,,,,,,,,,,,,,,,,,,,epoch,,,,,4.0,,,,,,,,,30,,,,,,1.4903,
,,,,,,,,2,,,,,,,,,,,,,,,,,,,,,epoch,,,,,5.0,,,,,,,,,30,,,,,,1.5107,
4.759150165230085,1.0,0.12158808933002481,0.06265664160401002,0.03291139240506329,0.020460358056265986,403,60,2,,81,,,,1.0,0.0,4,,,4,22.462042709414305,23.310306336947683,-23.572918082296592,2252800,LoRA A/B completion-token mean NLL; SLQ Ritz estimates; Hutchinson trace; all test examples,106,1.0377643137139017,-193.27503204345703,153.76799102794186,evaluation,2,20,,0.0,,,126.5,trained_local,118.73614692687988,3.065321106558557,post_local,0.06099397590361447,0.26728906523514995,30,106,classification,1.120152329498867,0.7641509433962265,4,,
,,,,,,,,3,,,0.0,1.0,,,,,0.0007365753408521414,,,,,,,,,,,,local_update,,,0.0002,,,8.944144065026194e-05,,,,,,,,30,,,,,,1.3107637882232666,15.316983222961426
,,,,,,,,3,,,,,,,,,,,,,,,,,,,,,epoch,,,,,1.0,,,,,,,,,30,,,,,,1.338,
,,,,,,,,3,,,,,,,,,,,,,,,,,,,,,epoch,,,,,2.0,,,,,,,,,30,,,,,,1.3668,
,,,,,,,,3,,,,,,,,,,,,,,,,,,,,,epoch,,,,,3.0,,,,,,,,,30,,,,,,1.2008,
,,,,,,,,3,,,,,,,,,,,,,,,,,,,,,epoch,,,,,4.0,,,,,,,,,30,,,,,,1.3198,
,,,,,,,,3,,,,,,,,,,,,,,,,,,,,,epoch,,,,,5.0,,,,,,,,,30,,,,,,1.3283,
8.152036615993113,0.1502203333101924,0.717391304347826,0.5726872246696035,0.49107142857142855,0.4298642533936652,230,666,3,,469,,,,1.0,0.0,3,,,3,5.333745395346491,5.423807664481922,-5.506129585673668,2252800,LoRA A/B completion-token mean NLL; SLQ Ritz estimates; Hutchinson trace; all test examples,558,1.0168853708716594,1.4960336685180664,38.227880798622024,evaluation,2,20,,0.0,,,106.33333333333333,trained_local,385.3708610534668,1.9949695423841871,post_local,0.05601309259845847,0.4177974503377943,30,558,summarization,0.6906287832499405,0.8405017921146953,4,,
,,,,,,,,-1,2.1936225920171637e-06,,0.0,,1.8228088430747738,,,,,0.0010970095080044884,,,,,,,,,,,server_update,,,,,,,,,,,,,,30,,,,,,,15.316985130310059
6.306230894026735,0.35346598364807746,0.36930455635491605,0.18997574777687956,0.13327882256745707,0.10835401157981803,1251,2552,-1,,931,,,,1.0,0.0,14,,,14,6.22878104877008,6.3236123016082555,-6.710018251928162,2252800,LoRA A/B completion-token mean NLL; SLQ Ritz estimates; Hutchinson trace; all test examples,1316,1.0152246887626433,-9.849916219711304,7.011393918826973,evaluation,2,20,,0.0,,,114.71428571428571,aggregated_global,1774.0219135284424,3.8498761067877734,post_aggregation,0.05413016461607839,0.3494038525786821,30,1316,all_test,1.34804096772678,0.7074468085106383,4,,
